fingerprint,ruleId,uri,line,level,cwe,owasp_asvs,compliance_name,meta_source,triage_status,fixed_in_version,external_ticket_id,external_system,pci_dss,sox,soc2,gost_r_57580,dashboard_cwe_class,sla_state,sla_seconds_until_due,ttf_seconds_open,message
9b81b3e96babafb64cffdf6fecfd06cfe99a98481bed86ccb5d5bdc31dcc879c,java:fsb-spring-thymeleaf-utext-untrusted-g30,src/main/java/su/atb/msa/forex/fxmsaggregator/controller/WebSocketController.java,20,warning,CWE-20,A06,Fsb: spring thymeleaf utext untrusted g30.,static_registry,new,,,,6.5.8;6.2.4,SOX-ITGC-APP-02,CC6.1;CC6.6;CC7.2,GOST-R-57580.1-2017-8.4;ISMG-FSTEC-UZP-9,CWE-20,none,,,Fsb: spring thymeleaf utext untrusted g30.
14a6921472279925c5659731cf1ea9c6809cecd58e8ac669c7cd6265dce550cf,java:fsb-spring-thymeleaf-utext-untrusted-http-rp-rt2-222-g222,src/main/java/su/atb/msa/forex/fxmsaggregator/controller/WebSocketController.java,20,warning,CWE-20,A06,Fsb: spring thymeleaf utext untrusted http rp rt2 222 g222.,static_registry,new,,,,6.5.8;6.2.4,SOX-ITGC-APP-02,CC6.1;CC6.6;CC7.2,GOST-R-57580.1-2017-8.4;ISMG-FSTEC-UZP-9,CWE-20,none,,,Fsb: spring thymeleaf utext untrusted http rp rt2 222 g222.
3f18766bb2aed0f0bfc5a1a5a64fda14412508aedab357638d7dedf4c9c3a114,java:spring-boot-server-error-include-message-always,src/main/resources/application.yml,5,warning,CWE-209,A05,Spring Boot exposes detailed errors (include-message/binding-errors),static_registry,new,,,,6.5.8;6.2.4,SOX-ITGC-APP-02,CC6.1;CC7.2,GOST-R-57580.1-2017-8.4;ISMG-FSTEC-UZP-9,CWE-209,none,,,Spring Boot exposes detailed errors (include-message/binding-errors)
f12ae96637cea65c149de4b2f15dfd471ccaa5d8e58dfd0f8d00b27241de508f,java:spring-rest-no-method-restriction,src/main/java/su/atb/msa/forex/fxmsaggregator/controller/BankController.java,33,note,CWE-352,A01,Spring @RequestMapping without explicit HTTP method restriction,static_registry,new,,,,6.5.10;6.2.4,SOX-ITGC-APP-02,CC6.1;CC6.6;CC7.2,GOST-R-57580.1-2017-8.4;ISMG-FSTEC-UZP-9,CWE-352,none,,,Spring @RequestMapping without explicit HTTP method restriction
34e17f0e7c2d57981ea7c2624338910155bf6c1b38e8f1b96ece7b95d2f5d6e4,java:spring-rest-no-method-restriction,src/main/java/su/atb/msa/forex/fxmsaggregator/controller/DealController.java,29,note,CWE-352,A01,Spring @RequestMapping without explicit HTTP method restriction,static_registry,new,,,,6.5.10;6.2.4,SOX-ITGC-APP-02,CC6.1;CC6.6;CC7.2,GOST-R-57580.1-2017-8.4;ISMG-FSTEC-UZP-9,CWE-352,none,,,Spring @RequestMapping without explicit HTTP method restriction
f347c44020b533b35086df6d50b671b09ded77bd8945e2f0dfe51da37233ec1f,java:spring-rest-no-method-restriction,src/main/java/su/atb/msa/forex/fxmsaggregator/controller/DepositController.java,31,note,CWE-352,A01,Spring @RequestMapping without explicit HTTP method restriction,static_registry,new,,,,6.5.10;6.2.4,SOX-ITGC-APP-02,CC6.1;CC6.6;CC7.2,GOST-R-57580.1-2017-8.4;ISMG-FSTEC-UZP-9,CWE-352,none,,,Spring @RequestMapping without explicit HTTP method restriction
5ce7fe619c84d6b7ff39686272ad6b91539dc1613f62b76a64bb293c6971cf06,java:spring-rest-no-method-restriction,src/main/java/su/atb/msa/forex/fxmsaggregator/controller/DepositOvernightController.java,32,note,CWE-352,A01,Spring @RequestMapping without explicit HTTP method restriction,static_registry,new,,,,6.5.10;6.2.4,SOX-ITGC-APP-02,CC6.1;CC6.6;CC7.2,GOST-R-57580.1-2017-8.4;ISMG-FSTEC-UZP-9,CWE-352,none,,,Spring @RequestMapping without explicit HTTP method restriction
b03304dcd53d00c62172416cb7085d5ee164d66209c6bfd0c94fda7f73a82059,java:spring-rest-no-method-restriction,src/main/java/su/atb/msa/forex/fxmsaggregator/controller/DocumentController.java,28,note,CWE-352,A01,Spring @RequestMapping without explicit HTTP method restriction,static_registry,new,,,,6.5.10;6.2.4,SOX-ITGC-APP-02,CC6.1;CC6.6;CC7.2,GOST-R-57580.1-2017-8.4;ISMG-FSTEC-UZP-9,CWE-352,none,,,Spring @RequestMapping without explicit HTTP method restriction
fdfaee1683e0ed99b68f2856f4efd0e5f8034df5420a726410b60ec3ea9bcfb9,java:spring-rest-no-method-restriction,src/main/java/su/atb/msa/forex/fxmsaggregator/controller/FrontController.java,48,note,CWE-352,A01,Spring @RequestMapping without explicit HTTP method restriction,static_registry,new,,,,6.5.10;6.2.4,SOX-ITGC-APP-02,CC6.1;CC6.6;CC7.2,GOST-R-57580.1-2017-8.4;ISMG-FSTEC-UZP-9,CWE-352,none,,,Spring @RequestMapping without explicit HTTP method restriction
f2948889d1cb3592de0e20d8d1657a247bdcbdb235eb6be5c27311da193d019d,java:spring-rest-no-method-restriction,src/main/java/su/atb/msa/forex/fxmsaggregator/controller/MobilePubKeyController.java,23,note,CWE-352,A01,Spring @RequestMapping without explicit HTTP method restriction,static_registry,new,,,,6.5.10;6.2.4,SOX-ITGC-APP-02,CC6.1;CC6.6;CC7.2,GOST-R-57580.1-2017-8.4;ISMG-FSTEC-UZP-9,CWE-352,none,,,Spring @RequestMapping without explicit HTTP method restriction
577688f5b07adf9bc66714342ad7dfd69c28aabed3fd2b67f035ffe29fcfaccc,java:spring-rest-no-method-restriction,src/main/java/su/atb/msa/forex/fxmsaggregator/controller/OtpController.java,21,note,CWE-352,A01,Spring @RequestMapping without explicit HTTP method restriction,static_registry,new,,,,6.5.10;6.2.4,SOX-ITGC-APP-02,CC6.1;CC6.6;CC7.2,GOST-R-57580.1-2017-8.4;ISMG-FSTEC-UZP-9,CWE-352,none,,,Spring @RequestMapping without explicit HTTP method restriction
52280a92deca5fe5e1ace818671a3e0c589dfb50958ae44c42726c070e10cc69,java:spring-rest-no-method-restriction,src/main/java/su/atb/msa/forex/fxmsaggregator/controller/PcServerController.java,14,note,CWE-352,A01,Spring @RequestMapping without explicit HTTP method restriction,static_registry,new,,,,6.5.10;6.2.4,SOX-ITGC-APP-02,CC6.1;CC6.6;CC7.2,GOST-R-57580.1-2017-8.4;ISMG-FSTEC-UZP-9,CWE-352,none,,,Spring @RequestMapping without explicit HTTP method restriction
2cce95bc4311b2f6b05afa75cf1267e92d3c4b18296279dbaf64f44ea93cb6d7,java:spring-rest-no-method-restriction,src/main/java/su/atb/msa/forex/fxmsaggregator/controller/PhoneController.java,31,note,CWE-352,A01,Spring @RequestMapping without explicit HTTP method restriction,static_registry,new,,,,6.5.10;6.2.4,SOX-ITGC-APP-02,CC6.1;CC6.6;CC7.2,GOST-R-57580.1-2017-8.4;ISMG-FSTEC-UZP-9,CWE-352,none,,,Spring @RequestMapping without explicit HTTP method restriction
0ddf014513058898e5144113e02a9d04b09b1181069fa6e312ac66270e8722a2,java:spring-rest-no-method-restriction,src/main/java/su/atb/msa/forex/fxmsaggregator/controller/PubKeyController.java,21,note,CWE-352,A01,Spring @RequestMapping without explicit HTTP method restriction,static_registry,new,,,,6.5.10;6.2.4,SOX-ITGC-APP-02,CC6.1;CC6.6;CC7.2,GOST-R-57580.1-2017-8.4;ISMG-FSTEC-UZP-9,CWE-352,none,,,Spring @RequestMapping without explicit HTTP method restriction
3fc6086eac161113f699fe132f5dec0d80cf6ab3d7251fde825ea733e6a747c9,java:spring-rest-no-method-restriction,src/main/java/su/atb/msa/forex/fxmsaggregator/controller/RfqController.java,25,note,CWE-352,A01,Spring @RequestMapping without explicit HTTP method restriction,static_registry,new,,,,6.5.10;6.2.4,SOX-ITGC-APP-02,CC6.1;CC6.6;CC7.2,GOST-R-57580.1-2017-8.4;ISMG-FSTEC-UZP-9,CWE-352,none,,,Spring @RequestMapping without explicit HTTP method restriction
afb02bd214adaf55870c89054721f121335ecc29befe1cb84af42de897f39dbf,java:spring-rest-no-method-restriction,src/main/java/su/atb/msa/forex/fxmsaggregator/controller/SupportController.java,16,note,CWE-352,A01,Spring @RequestMapping without explicit HTTP method restriction,static_registry,new,,,,6.5.10;6.2.4,SOX-ITGC-APP-02,CC6.1;CC6.6;CC7.2,GOST-R-57580.1-2017-8.4;ISMG-FSTEC-UZP-9,CWE-352,none,,,Spring @RequestMapping without explicit HTTP method restriction
41af80122e9f560d3400adf141ca88b28bf7c01e409ab65996e19e7a1e77d3f6,java:spring-rest-no-method-restriction,src/main/java/su/atb/msa/forex/fxmsaggregator/controller/SystemInfoController.java,17,note,CWE-352,A01,Spring @RequestMapping without explicit HTTP method restriction,static_registry,new,,,,6.5.10;6.2.4,SOX-ITGC-APP-02,CC6.1;CC6.6;CC7.2,GOST-R-57580.1-2017-8.4;ISMG-FSTEC-UZP-9,CWE-352,none,,,Spring @RequestMapping without explicit HTTP method restriction
31745b2113bc3dec834b4ae0687e42eb7aa242ac172aa8b35b54956bbcb15618,java:spring-security-csrf-disable,src/main/java/su/atb/msa/forex/fxmsaggregator/config/WebSecurityConfig.java,38,warning,CWE-352,A01,Spring Security CSRF protection disabled (http.csrf…disable),static_registry,new,,,,6.5.10;6.2.4,SOX-ITGC-APP-02,CC6.1;CC6.6;CC7.2,GOST-R-57580.1-2017-8.4;ISMG-FSTEC-UZP-9,CWE-352,none,,,Spring Security CSRF protection disabled (http.csrf…disable)
46ad6798b7c27d5acddf9373dde06505fc4ecae34502be4a276c25c476b3e321,spring-mvc-csrf-state-changing,src/main/java/su/atb/msa/forex/fxmsaggregator/controller/BankController.java,36,warning,CWE-352,A01,Spring MVC state-changing handler — CSRF mitigations not evident from controller source,static_registry,new,,,,6.5.10;6.2.4,SOX-ITGC-APP-02,CC6.1;CC6.6;CC7.2,GOST-R-57580.1-2017-8.4;ISMG-FSTEC-UZP-9,CWE-352,none,,,Spring MVC state-changing handler — CSRF mitigations not evident from controller source: Spring MVC state-changing endpoint без CSRF token.
90ef2043dfaf8320803c001e5d891703b0f51bf32299aaebf7c4d7c8b7cd4426,spring-mvc-csrf-state-changing,src/main/java/su/atb/msa/forex/fxmsaggregator/controller/DealController.java,32,warning,CWE-352,A01,Spring MVC state-changing handler — CSRF mitigations not evident from controller source,static_registry,new,,,,6.5.10;6.2.4,SOX-ITGC-APP-02,CC6.1;CC6.6;CC7.2,GOST-R-57580.1-2017-8.4;ISMG-FSTEC-UZP-9,CWE-352,none,,,Spring MVC state-changing handler — CSRF mitigations not evident from controller source: Spring MVC state-changing endpoint без CSRF token.
fd3b9d8a7b6aa3f13343196d673d9c1fcd6f10890481082c11d339b5cbc34ea1,spring-mvc-csrf-state-changing,src/main/java/su/atb/msa/forex/fxmsaggregator/controller/DealController.java,96,warning,CWE-352,A01,Spring MVC state-changing handler — CSRF mitigations not evident from controller source,static_registry,new,,,,6.5.10;6.2.4,SOX-ITGC-APP-02,CC6.1;CC6.6;CC7.2,GOST-R-57580.1-2017-8.4;ISMG-FSTEC-UZP-9,CWE-352,none,,,Spring MVC state-changing handler — CSRF mitigations not evident from controller source: Spring MVC state-changing endpoint без CSRF token.
c8b57686de497c6e142675fb89f728d1e9cd26c9c6930ab1f5b83558504df065,spring-mvc-csrf-state-changing,src/main/java/su/atb/msa/forex/fxmsaggregator/controller/DealController.java,153,warning,CWE-352,A01,Spring MVC state-changing handler — CSRF mitigations not evident from controller source,static_registry,new,,,,6.5.10;6.2.4,SOX-ITGC-APP-02,CC6.1;CC6.6;CC7.2,GOST-R-57580.1-2017-8.4;ISMG-FSTEC-UZP-9,CWE-352,none,,,Spring MVC state-changing handler — CSRF mitigations not evident from controller source: Spring MVC state-changing endpoint без CSRF token.
b2c2cb926ef4f77e7214f74078e7dbdb85fb3e1b08aec6da2e79a081d2abdd4d,spring-mvc-csrf-state-changing,src/main/java/su/atb/msa/forex/fxmsaggregator/controller/DealController.java,216,warning,CWE-352,A01,Spring MVC state-changing handler — CSRF mitigations not evident from controller source,static_registry,new,,,,6.5.10;6.2.4,SOX-ITGC-APP-02,CC6.1;CC6.6;CC7.2,GOST-R-57580.1-2017-8.4;ISMG-FSTEC-UZP-9,CWE-352,none,,,Spring MVC state-changing handler — CSRF mitigations not evident from controller source: Spring MVC state-changing endpoint без CSRF token.
4e5c6b4c8535079a82e7a68140051fd8417e294f713c7148687dd574a6a74b77,spring-mvc-csrf-state-changing,src/main/java/su/atb/msa/forex/fxmsaggregator/controller/DepositController.java,34,warning,CWE-352,A01,Spring MVC state-changing handler — CSRF mitigations not evident from controller source,static_registry,new,,,,6.5.10;6.2.4,SOX-ITGC-APP-02,CC6.1;CC6.6;CC7.2,GOST-R-57580.1-2017-8.4;ISMG-FSTEC-UZP-9,CWE-352,none,,,Spring MVC state-changing handler — CSRF mitigations not evident from controller source: Spring MVC state-changing endpoint без CSRF token.
79fd302212a2b42fb48791ad3fd7b7f7383be89999fcd4a0e6d9b41e4dded5b2,spring-mvc-csrf-state-changing,src/main/java/su/atb/msa/forex/fxmsaggregator/controller/DepositController.java,99,warning,CWE-352,A01,Spring MVC state-changing handler — CSRF mitigations not evident from controller source,static_registry,new,,,,6.5.10;6.2.4,SOX-ITGC-APP-02,CC6.1;CC6.6;CC7.2,GOST-R-57580.1-2017-8.4;ISMG-FSTEC-UZP-9,CWE-352,none,,,Spring MVC state-changing handler — CSRF mitigations not evident from controller source: Spring MVC state-changing endpoint без CSRF token.
eccb8db6d653deec399e65962ee8ab76e1b9a18510437042f9e179b89bbfc291,spring-mvc-csrf-state-changing,src/main/java/su/atb/msa/forex/fxmsaggregator/controller/DepositController.java,104,warning,CWE-352,A01,Spring MVC state-changing handler — CSRF mitigations not evident from controller source,static_registry,new,,,,6.5.10;6.2.4,SOX-ITGC-APP-02,CC6.1;CC6.6;CC7.2,GOST-R-57580.1-2017-8.4;ISMG-FSTEC-UZP-9,CWE-352,none,,,Spring MVC state-changing handler — CSRF mitigations not evident from controller source: Spring MVC state-changing endpoint без CSRF token.
4997fb4da83833e1dad8907cf0dbfe15bbaa4eac85ff7ea03cc8cafe90cb5873,spring-mvc-csrf-state-changing,src/main/java/su/atb/msa/forex/fxmsaggregator/controller/DepositController.java,135,warning,CWE-352,A01,Spring MVC state-changing handler — CSRF mitigations not evident from controller source,static_registry,new,,,,6.5.10;6.2.4,SOX-ITGC-APP-02,CC6.1;CC6.6;CC7.2,GOST-R-57580.1-2017-8.4;ISMG-FSTEC-UZP-9,CWE-352,none,,,Spring MVC state-changing handler — CSRF mitigations not evident from controller source: Spring MVC state-changing endpoint без CSRF token.
1150e372a89edce8b7bcba29feb4220e9768f3f1ec30f20b6c1094c6a4d47f4d,spring-mvc-csrf-state-changing,src/main/java/su/atb/msa/forex/fxmsaggregator/controller/DepositOvernightController.java,140,warning,CWE-352,A01,Spring MVC state-changing handler — CSRF mitigations not evident from controller source,static_registry,new,,,,6.5.10;6.2.4,SOX-ITGC-APP-02,CC6.1;CC6.6;CC7.2,GOST-R-57580.1-2017-8.4;ISMG-FSTEC-UZP-9,CWE-352,none,,,Spring MVC state-changing handler — CSRF mitigations not evident from controller source: Spring MVC state-changing endpoint без CSRF token.
a7e90cdacddcfeb44200ae018e5bc989d4dc1c8b4e88bea73e9ada4e76f31332,spring-mvc-csrf-state-changing,src/main/java/su/atb/msa/forex/fxmsaggregator/controller/DepositOvernightController.java,196,warning,CWE-352,A01,Spring MVC state-changing handler — CSRF mitigations not evident from controller source,static_registry,new,,,,6.5.10;6.2.4,SOX-ITGC-APP-02,CC6.1;CC6.6;CC7.2,GOST-R-57580.1-2017-8.4;ISMG-FSTEC-UZP-9,CWE-352,none,,,Spring MVC state-changing handler — CSRF mitigations not evident from controller source: Spring MVC state-changing endpoint без CSRF token.
412ba05379c9c9b8bdf22e989cd97973e22387acfa4bd42ed7b8ce51434ce079,spring-mvc-csrf-state-changing,src/main/java/su/atb/msa/forex/fxmsaggregator/controller/DepositOvernightController.java,255,warning,CWE-352,A01,Spring MVC state-changing handler — CSRF mitigations not evident from controller source,static_registry,new,,,,6.5.10;6.2.4,SOX-ITGC-APP-02,CC6.1;CC6.6;CC7.2,GOST-R-57580.1-2017-8.4;ISMG-FSTEC-UZP-9,CWE-352,none,,,Spring MVC state-changing handler — CSRF mitigations not evident from controller source: Spring MVC state-changing endpoint без CSRF token.
993ebbcee3b0075d6d1a7f5919730f133a25366107657cc80b6c28985f3db8ef,spring-mvc-csrf-state-changing,src/main/java/su/atb/msa/forex/fxmsaggregator/controller/DocumentController.java,31,warning,CWE-352,A01,Spring MVC state-changing handler — CSRF mitigations not evident from controller source,static_registry,new,,,,6.5.10;6.2.4,SOX-ITGC-APP-02,CC6.1;CC6.6;CC7.2,GOST-R-57580.1-2017-8.4;ISMG-FSTEC-UZP-9,CWE-352,none,,,Spring MVC state-changing handler — CSRF mitigations not evident from controller source: Spring MVC state-changing endpoint без CSRF token.
1a726ce259a13927959db064e319d297b71e30931bb7daee91780ac51211329a,spring-mvc-csrf-state-changing,src/main/java/su/atb/msa/forex/fxmsaggregator/controller/FrontController.java,51,warning,CWE-352,A01,Spring MVC state-changing handler — CSRF mitigations not evident from controller source,static_registry,new,,,,6.5.10;6.2.4,SOX-ITGC-APP-02,CC6.1;CC6.6;CC7.2,GOST-R-57580.1-2017-8.4;ISMG-FSTEC-UZP-9,CWE-352,none,,,Spring MVC state-changing handler — CSRF mitigations not evident from controller source: Spring MVC state-changing endpoint без CSRF token.
6165130ee87ff19a6305d8f5d84ea44ac17aaedf3eba0f96802b40f54239ce38,spring-mvc-csrf-state-changing,src/main/java/su/atb/msa/forex/fxmsaggregator/controller/FrontController.java,299,warning,CWE-352,A01,Spring MVC state-changing handler — CSRF mitigations not evident from controller source,static_registry,new,,,,6.5.10;6.2.4,SOX-ITGC-APP-02,CC6.1;CC6.6;CC7.2,GOST-R-57580.1-2017-8.4;ISMG-FSTEC-UZP-9,CWE-352,none,,,Spring MVC state-changing handler — CSRF mitigations not evident from controller source: Spring MVC state-changing endpoint без CSRF token.
831590ad2810ddd9faa01261a4dc9bdbd8836d27ec458b5d51913b62e815c86e,spring-mvc-csrf-state-changing,src/main/java/su/atb/msa/forex/fxmsaggregator/controller/FrontController.java,506,warning,CWE-352,A01,Spring MVC state-changing handler — CSRF mitigations not evident from controller source,static_registry,new,,,,6.5.10;6.2.4,SOX-ITGC-APP-02,CC6.1;CC6.6;CC7.2,GOST-R-57580.1-2017-8.4;ISMG-FSTEC-UZP-9,CWE-352,none,,,Spring MVC state-changing handler — CSRF mitigations not evident from controller source: Spring MVC state-changing endpoint без CSRF token.
8c37e617a23b1da8e4f0323dd2a170270e5b8e57db23631d1e844c6bc156e23d,spring-mvc-csrf-state-changing,src/main/java/su/atb/msa/forex/fxmsaggregator/controller/FrontController.java,627,warning,CWE-352,A01,Spring MVC state-changing handler — CSRF mitigations not evident from controller source,static_registry,new,,,,6.5.10;6.2.4,SOX-ITGC-APP-02,CC6.1;CC6.6;CC7.2,GOST-R-57580.1-2017-8.4;ISMG-FSTEC-UZP-9,CWE-352,none,,,Spring MVC state-changing handler — CSRF mitigations not evident from controller source: Spring MVC state-changing endpoint без CSRF token.
d6bf1e3e0f6aaac05dbe8fbfa2338eb7cea172a12629acf699df5001a3ca8cbe,spring-mvc-csrf-state-changing,src/main/java/su/atb/msa/forex/fxmsaggregator/controller/MobilePubKeyController.java,26,warning,CWE-352,A01,Spring MVC state-changing handler — CSRF mitigations not evident from controller source,static_registry,new,,,,6.5.10;6.2.4,SOX-ITGC-APP-02,CC6.1;CC6.6;CC7.2,GOST-R-57580.1-2017-8.4;ISMG-FSTEC-UZP-9,CWE-352,none,,,Spring MVC state-changing handler — CSRF mitigations not evident from controller source: Spring MVC state-changing endpoint без CSRF token.
ed8014c1f00d20c55f1b1b0894b7656cf3951c7a3615c1ac684feb45f5ff890f,spring-mvc-csrf-state-changing,src/main/java/su/atb/msa/forex/fxmsaggregator/controller/MobilePubKeyController.java,69,warning,CWE-352,A01,Spring MVC state-changing handler — CSRF mitigations not evident from controller source,static_registry,new,,,,6.5.10;6.2.4,SOX-ITGC-APP-02,CC6.1;CC6.6;CC7.2,GOST-R-57580.1-2017-8.4;ISMG-FSTEC-UZP-9,CWE-352,none,,,Spring MVC state-changing handler — CSRF mitigations not evident from controller source: Spring MVC state-changing endpoint без CSRF token.
095579bc26434ee800d0d4a3daa426ba2649fb7e5204ea844195d392f9feabe2,spring-mvc-csrf-state-changing,src/main/java/su/atb/msa/forex/fxmsaggregator/controller/OtpController.java,24,warning,CWE-352,A01,Spring MVC state-changing handler — CSRF mitigations not evident from controller source,static_registry,new,,,,6.5.10;6.2.4,SOX-ITGC-APP-02,CC6.1;CC6.6;CC7.2,GOST-R-57580.1-2017-8.4;ISMG-FSTEC-UZP-9,CWE-352,none,,,Spring MVC state-changing handler — CSRF mitigations not evident from controller source: Spring MVC state-changing endpoint без CSRF token.
46ffec8d06b6692ef620f4e8fd0f75149dc69050bd986c89d324166911670243,spring-mvc-csrf-state-changing,src/main/java/su/atb/msa/forex/fxmsaggregator/controller/OtpController.java,49,warning,CWE-352,A01,Spring MVC state-changing handler — CSRF mitigations not evident from controller source,static_registry,new,,,,6.5.10;6.2.4,SOX-ITGC-APP-02,CC6.1;CC6.6;CC7.2,GOST-R-57580.1-2017-8.4;ISMG-FSTEC-UZP-9,CWE-352,none,,,Spring MVC state-changing handler — CSRF mitigations not evident from controller source: Spring MVC state-changing endpoint без CSRF token.
ab3d93e8b7517961340c4b0d1ce9f4fd429ba0932f9e80b0f10577f34605f9e3,spring-mvc-csrf-state-changing,src/main/java/su/atb/msa/forex/fxmsaggregator/controller/PcServerController.java,17,warning,CWE-352,A01,Spring MVC state-changing handler — CSRF mitigations not evident from controller source,static_registry,new,,,,6.5.10;6.2.4,SOX-ITGC-APP-02,CC6.1;CC6.6;CC7.2,GOST-R-57580.1-2017-8.4;ISMG-FSTEC-UZP-9,CWE-352,none,,,Spring MVC state-changing handler — CSRF mitigations not evident from controller source: Spring MVC state-changing endpoint без CSRF token.
1e3d7fef426eebdb082ce957e72c2d2bf9a65ffad7f9f4226d6de5661909ea44,spring-mvc-csrf-state-changing,src/main/java/su/atb/msa/forex/fxmsaggregator/controller/PhoneController.java,83,warning,CWE-352,A01,Spring MVC state-changing handler — CSRF mitigations not evident from controller source,static_registry,new,,,,6.5.10;6.2.4,SOX-ITGC-APP-02,CC6.1;CC6.6;CC7.2,GOST-R-57580.1-2017-8.4;ISMG-FSTEC-UZP-9,CWE-352,none,,,Spring MVC state-changing handler — CSRF mitigations not evident from controller source: Spring MVC state-changing endpoint без CSRF token.
0347615ccbf35ff8f39c217f73a69f5d8aabe74a5ab262a66a7d86dcf2fec367,spring-mvc-csrf-state-changing,src/main/java/su/atb/msa/forex/fxmsaggregator/controller/PhoneController.java,126,warning,CWE-352,A01,Spring MVC state-changing handler — CSRF mitigations not evident from controller source,static_registry,new,,,,6.5.10;6.2.4,SOX-ITGC-APP-02,CC6.1;CC6.6;CC7.2,GOST-R-57580.1-2017-8.4;ISMG-FSTEC-UZP-9,CWE-352,none,,,Spring MVC state-changing handler — CSRF mitigations not evident from controller source: Spring MVC state-changing endpoint без CSRF token.
c1140003a56fc164a7292f6263679c7a051d798f3abec72083c31ef69f87f48b,spring-mvc-csrf-state-changing,src/main/java/su/atb/msa/forex/fxmsaggregator/controller/PhoneController.java,171,warning,CWE-352,A01,Spring MVC state-changing handler — CSRF mitigations not evident from controller source,static_registry,new,,,,6.5.10;6.2.4,SOX-ITGC-APP-02,CC6.1;CC6.6;CC7.2,GOST-R-57580.1-2017-8.4;ISMG-FSTEC-UZP-9,CWE-352,none,,,Spring MVC state-changing handler — CSRF mitigations not evident from controller source: Spring MVC state-changing endpoint без CSRF token.
95504f5ba2c035f29c12ab453601071672cdbaaafe2a9523d4a58d2d2e738827,spring-mvc-csrf-state-changing,src/main/java/su/atb/msa/forex/fxmsaggregator/controller/PhoneController.java,216,warning,CWE-352,A01,Spring MVC state-changing handler — CSRF mitigations not evident from controller source,static_registry,new,,,,6.5.10;6.2.4,SOX-ITGC-APP-02,CC6.1;CC6.6;CC7.2,GOST-R-57580.1-2017-8.4;ISMG-FSTEC-UZP-9,CWE-352,none,,,Spring MVC state-changing handler — CSRF mitigations not evident from controller source: Spring MVC state-changing endpoint без CSRF token.
65cea7738fffb8678dad5aecb5513b2ad9deddd47e2845c92210dbcef88c4fb1,spring-mvc-csrf-state-changing,src/main/java/su/atb/msa/forex/fxmsaggregator/controller/PhoneController.java,261,warning,CWE-352,A01,Spring MVC state-changing handler — CSRF mitigations not evident from controller source,static_registry,new,,,,6.5.10;6.2.4,SOX-ITGC-APP-02,CC6.1;CC6.6;CC7.2,GOST-R-57580.1-2017-8.4;ISMG-FSTEC-UZP-9,CWE-352,none,,,Spring MVC state-changing handler — CSRF mitigations not evident from controller source: Spring MVC state-changing endpoint без CSRF token.
e333beac01573d8f4cf279ba19363e25c139940e4dcf9215cafcc01b6c872c11,spring-mvc-csrf-state-changing,src/main/java/su/atb/msa/forex/fxmsaggregator/controller/RfqController.java,28,warning,CWE-352,A01,Spring MVC state-changing handler — CSRF mitigations not evident from controller source,static_registry,new,,,,6.5.10;6.2.4,SOX-ITGC-APP-02,CC6.1;CC6.6;CC7.2,GOST-R-57580.1-2017-8.4;ISMG-FSTEC-UZP-9,CWE-352,none,,,Spring MVC state-changing handler — CSRF mitigations not evident from controller source: Spring MVC state-changing endpoint без CSRF token.
493f772fe7c8dfb3387dfc54c8e9827108789e1a34af046ad1c80718f13561b1,spring-mvc-csrf-state-changing,src/main/java/su/atb/msa/forex/fxmsaggregator/controller/SupportController.java,22,warning,CWE-352,A01,Spring MVC state-changing handler — CSRF mitigations not evident from controller source,static_registry,new,,,,6.5.10;6.2.4,SOX-ITGC-APP-02,CC6.1;CC6.6;CC7.2,GOST-R-57580.1-2017-8.4;ISMG-FSTEC-UZP-9,CWE-352,none,,,Spring MVC state-changing handler — CSRF mitigations not evident from controller source: Spring MVC state-changing endpoint без CSRF token.
5569356fc2949a278c2c936dae86e563ec17a52db60a768c3e90dba4f1912d12,spring-reachable-without-preauthorize,src/main/java/su/atb/msa/forex/fxmsaggregator/controller/BankController.java,36,warning,CWE-862,A01,"Web endpoint without explicit authorization annotation (Spring MVC, JAX-RS, or HTTP servlet handler)",static_registry,new,,,,7.2;8.2;6.2.4,SOX-ITGC-ACCESS-01,CC6.1;CC6.3;CC7.2,GOST-R-57580.1-2017-8.4;ISMG-FSTEC-UZP-9,CWE-862,none,,,"Web endpoint without explicit authorization annotation (Spring MVC, JAX-RS, or HTTP servlet handler)"
e88ed291266fe552fdd1285facff6f72b4441da0e40188d6ef55e4562292c2d5,spring-reachable-without-preauthorize,src/main/java/su/atb/msa/forex/fxmsaggregator/controller/BankController.java,80,warning,CWE-862,A01,"Web endpoint without explicit authorization annotation (Spring MVC, JAX-RS, or HTTP servlet handler)",static_registry,new,,,,7.2;8.2;6.2.4,SOX-ITGC-ACCESS-01,CC6.1;CC6.3;CC7.2,GOST-R-57580.1-2017-8.4;ISMG-FSTEC-UZP-9,CWE-862,none,,,"Web endpoint without explicit authorization annotation (Spring MVC, JAX-RS, or HTTP servlet handler)"
0339e1176435c34bbb40a75ea28b573f665eb32fe34ab6bcad81fbde962ffd10,spring-reachable-without-preauthorize,src/main/java/su/atb/msa/forex/fxmsaggregator/controller/BankController.java,123,warning,CWE-862,A01,"Web endpoint without explicit authorization annotation (Spring MVC, JAX-RS, or HTTP servlet handler)",static_registry,new,,,,7.2;8.2;6.2.4,SOX-ITGC-ACCESS-01,CC6.1;CC6.3;CC7.2,GOST-R-57580.1-2017-8.4;ISMG-FSTEC-UZP-9,CWE-862,none,,,"Web endpoint without explicit authorization annotation (Spring MVC, JAX-RS, or HTTP servlet handler)"
96d4ec252b7315cf3cf7f59f518eafedfac9b6d7e03aa30e8f127ceffd84d6ca,spring-reachable-without-preauthorize,src/main/java/su/atb/msa/forex/fxmsaggregator/controller/DealController.java,32,warning,CWE-862,A01,"Web endpoint without explicit authorization annotation (Spring MVC, JAX-RS, or HTTP servlet handler)",static_registry,new,,,,7.2;8.2;6.2.4,SOX-ITGC-ACCESS-01,CC6.1;CC6.3;CC7.2,GOST-R-57580.1-2017-8.4;ISMG-FSTEC-UZP-9,CWE-862,none,,,"Web endpoint without explicit authorization annotation (Spring MVC, JAX-RS, or HTTP servlet handler)"
13e5e915aa448fcce2fd195c42597ed0c4127cb24e700f3af9778ecd6496147e,spring-reachable-without-preauthorize,src/main/java/su/atb/msa/forex/fxmsaggregator/controller/DealController.java,96,warning,CWE-862,A01,"Web endpoint without explicit authorization annotation (Spring MVC, JAX-RS, or HTTP servlet handler)",static_registry,new,,,,7.2;8.2;6.2.4,SOX-ITGC-ACCESS-01,CC6.1;CC6.3;CC7.2,GOST-R-57580.1-2017-8.4;ISMG-FSTEC-UZP-9,CWE-862,none,,,"Web endpoint without explicit authorization annotation (Spring MVC, JAX-RS, or HTTP servlet handler)"
cdb75139e106abca22df4f561c12b52fa8c304d13f9ba6c6f9e4aaa872690fbd,spring-reachable-without-preauthorize,src/main/java/su/atb/msa/forex/fxmsaggregator/controller/DealController.java,153,warning,CWE-862,A01,"Web endpoint without explicit authorization annotation (Spring MVC, JAX-RS, or HTTP servlet handler)",static_registry,new,,,,7.2;8.2;6.2.4,SOX-ITGC-ACCESS-01,CC6.1;CC6.3;CC7.2,GOST-R-57580.1-2017-8.4;ISMG-FSTEC-UZP-9,CWE-862,none,,,"Web endpoint without explicit authorization annotation (Spring MVC, JAX-RS, or HTTP servlet handler)"
8b781eb8bfa10c0a69271e14cc633403cc8e014d5df39bea43d21a8cf26d24d4,spring-reachable-without-preauthorize,src/main/java/su/atb/msa/forex/fxmsaggregator/controller/DealController.java,216,warning,CWE-862,A01,"Web endpoint without explicit authorization annotation (Spring MVC, JAX-RS, or HTTP servlet handler)",static_registry,new,,,,7.2;8.2;6.2.4,SOX-ITGC-ACCESS-01,CC6.1;CC6.3;CC7.2,GOST-R-57580.1-2017-8.4;ISMG-FSTEC-UZP-9,CWE-862,none,,,"Web endpoint without explicit authorization annotation (Spring MVC, JAX-RS, or HTTP servlet handler)"
6b080e45eca09e71a82a9735d705c163bafbc5e727006baa8b3a52d22f58a63a,spring-reachable-without-preauthorize,src/main/java/su/atb/msa/forex/fxmsaggregator/controller/DealControllerImpl.java,25,warning,CWE-862,A01,"Web endpoint without explicit authorization annotation (Spring MVC, JAX-RS, or HTTP servlet handler)",static_registry,new,,,,7.2;8.2;6.2.4,SOX-ITGC-ACCESS-01,CC6.1;CC6.3;CC7.2,GOST-R-57580.1-2017-8.4;ISMG-FSTEC-UZP-9,CWE-862,none,,,"Web endpoint without explicit authorization annotation (Spring MVC, JAX-RS, or HTTP servlet handler)"
62751bb4f7fcdb2ecfc749225b68af960be0c76bb806e271b32d34f1c781cebc,spring-reachable-without-preauthorize,src/main/java/su/atb/msa/forex/fxmsaggregator/controller/DealControllerImpl.java,37,warning,CWE-862,A01,"Web endpoint without explicit authorization annotation (Spring MVC, JAX-RS, or HTTP servlet handler)",static_registry,new,,,,7.2;8.2;6.2.4,SOX-ITGC-ACCESS-01,CC6.1;CC6.3;CC7.2,GOST-R-57580.1-2017-8.4;ISMG-FSTEC-UZP-9,CWE-862,none,,,"Web endpoint without explicit authorization annotation (Spring MVC, JAX-RS, or HTTP servlet handler)"
0f0a490a6b991a3b1ecb35cea019e304ea0e706cc2e1a366843fb9d7ab3ac04e,spring-reachable-without-preauthorize,src/main/java/su/atb/msa/forex/fxmsaggregator/controller/DealControllerImpl.java,50,warning,CWE-862,A01,"Web endpoint without explicit authorization annotation (Spring MVC, JAX-RS, or HTTP servlet handler)",static_registry,new,,,,7.2;8.2;6.2.4,SOX-ITGC-ACCESS-01,CC6.1;CC6.3;CC7.2,GOST-R-57580.1-2017-8.4;ISMG-FSTEC-UZP-9,CWE-862,none,,,"Web endpoint without explicit authorization annotation (Spring MVC, JAX-RS, or HTTP servlet handler)"
4e87509daf91cea42ba7ddaddbbe6f7ff5d3ecead70dda17dcf2d0fe72e12f79,spring-reachable-without-preauthorize,src/main/java/su/atb/msa/forex/fxmsaggregator/controller/DealControllerImpl.java,62,warning,CWE-862,A01,"Web endpoint without explicit authorization annotation (Spring MVC, JAX-RS, or HTTP servlet handler)",static_registry,new,,,,7.2;8.2;6.2.4,SOX-ITGC-ACCESS-01,CC6.1;CC6.3;CC7.2,GOST-R-57580.1-2017-8.4;ISMG-FSTEC-UZP-9,CWE-862,none,,,"Web endpoint without explicit authorization annotation (Spring MVC, JAX-RS, or HTTP servlet handler)"
ab33c7a267bb88bdbfbcf30969a964edbb2710dd0f460843f2023d5fb2d4fe1b,spring-reachable-without-preauthorize,src/main/java/su/atb/msa/forex/fxmsaggregator/controller/DepositController.java,34,warning,CWE-862,A01,"Web endpoint without explicit authorization annotation (Spring MVC, JAX-RS, or HTTP servlet handler)",static_registry,new,,,,7.2;8.2;6.2.4,SOX-ITGC-ACCESS-01,CC6.1;CC6.3;CC7.2,GOST-R-57580.1-2017-8.4;ISMG-FSTEC-UZP-9,CWE-862,none,,,"Web endpoint without explicit authorization annotation (Spring MVC, JAX-RS, or HTTP servlet handler)"
70d7dad73a570edcc324cb252ba7266443ec4021f158295bae8d0fc539d32cc2,spring-reachable-without-preauthorize,src/main/java/su/atb/msa/forex/fxmsaggregator/controller/DepositController.java,70,warning,CWE-862,A01,"Web endpoint without explicit authorization annotation (Spring MVC, JAX-RS, or HTTP servlet handler)",static_registry,new,,,,7.2;8.2;6.2.4,SOX-ITGC-ACCESS-01,CC6.1;CC6.3;CC7.2,GOST-R-57580.1-2017-8.4;ISMG-FSTEC-UZP-9,CWE-862,none,,,"Web endpoint without explicit authorization annotation (Spring MVC, JAX-RS, or HTTP servlet handler)"
a39616d40bc41ca4bcb37417033e014395062751f1d0670bcd84e08e7aa6d187,spring-reachable-without-preauthorize,src/main/java/su/atb/msa/forex/fxmsaggregator/controller/DepositController.java,91,warning,CWE-862,A01,"Web endpoint without explicit authorization annotation (Spring MVC, JAX-RS, or HTTP servlet handler)",static_registry,new,,,,7.2;8.2;6.2.4,SOX-ITGC-ACCESS-01,CC6.1;CC6.3;CC7.2,GOST-R-57580.1-2017-8.4;ISMG-FSTEC-UZP-9,CWE-862,none,,,"Web endpoint without explicit authorization annotation (Spring MVC, JAX-RS, or HTTP servlet handler)"
e92e2091373de439045a0bb564cc81a98959d4999d6d30abbc8bb84fca7c7a6a,spring-reachable-without-preauthorize,src/main/java/su/atb/msa/forex/fxmsaggregator/controller/DepositController.java,99,warning,CWE-862,A01,"Web endpoint without explicit authorization annotation (Spring MVC, JAX-RS, or HTTP servlet handler)",static_registry,new,,,,7.2;8.2;6.2.4,SOX-ITGC-ACCESS-01,CC6.1;CC6.3;CC7.2,GOST-R-57580.1-2017-8.4;ISMG-FSTEC-UZP-9,CWE-862,none,,,"Web endpoint without explicit authorization annotation (Spring MVC, JAX-RS, or HTTP servlet handler)"
23874b079ba757bb1ddcc30aa66f8f5a11be6b4ea1b65a4586621d54c9a048d0,spring-reachable-without-preauthorize,src/main/java/su/atb/msa/forex/fxmsaggregator/controller/DepositController.java,104,warning,CWE-862,A01,"Web endpoint without explicit authorization annotation (Spring MVC, JAX-RS, or HTTP servlet handler)",static_registry,new,,,,7.2;8.2;6.2.4,SOX-ITGC-ACCESS-01,CC6.1;CC6.3;CC7.2,GOST-R-57580.1-2017-8.4;ISMG-FSTEC-UZP-9,CWE-862,none,,,"Web endpoint without explicit authorization annotation (Spring MVC, JAX-RS, or HTTP servlet handler)"
d2cb56f22902ac2548a2317252ff88dc468cd12b1771077828869ca92d5e1a3b,spring-reachable-without-preauthorize,src/main/java/su/atb/msa/forex/fxmsaggregator/controller/DepositController.java,135,warning,CWE-862,A01,"Web endpoint without explicit authorization annotation (Spring MVC, JAX-RS, or HTTP servlet handler)",static_registry,new,,,,7.2;8.2;6.2.4,SOX-ITGC-ACCESS-01,CC6.1;CC6.3;CC7.2,GOST-R-57580.1-2017-8.4;ISMG-FSTEC-UZP-9,CWE-862,none,,,"Web endpoint without explicit authorization annotation (Spring MVC, JAX-RS, or HTTP servlet handler)"
abf71ae92fe92be2270dc37f52b4f1ca1d7586bd42aa834a8616f75d9454bddf,spring-reachable-without-preauthorize,src/main/java/su/atb/msa/forex/fxmsaggregator/controller/DepositController.java,165,warning,CWE-862,A01,"Web endpoint without explicit authorization annotation (Spring MVC, JAX-RS, or HTTP servlet handler)",static_registry,new,,,,7.2;8.2;6.2.4,SOX-ITGC-ACCESS-01,CC6.1;CC6.3;CC7.2,GOST-R-57580.1-2017-8.4;ISMG-FSTEC-UZP-9,CWE-862,none,,,"Web endpoint without explicit authorization annotation (Spring MVC, JAX-RS, or HTTP servlet handler)"
70c118c341bdaf730fe3474597a759dea041e9dc3790d46ecee1ee0346e66e2a,spring-reachable-without-preauthorize,src/main/java/su/atb/msa/forex/fxmsaggregator/controller/DepositControllerImpl.java,28,warning,CWE-862,A01,"Web endpoint without explicit authorization annotation (Spring MVC, JAX-RS, or HTTP servlet handler)",static_registry,new,,,,7.2;8.2;6.2.4,SOX-ITGC-ACCESS-01,CC6.1;CC6.3;CC7.2,GOST-R-57580.1-2017-8.4;ISMG-FSTEC-UZP-9,CWE-862,none,,,"Web endpoint without explicit authorization annotation (Spring MVC, JAX-RS, or HTTP servlet handler)"
d90227191fe7fbd20584cb25e57543aadc38efa9a169d3971efc9c8607dd2e37,spring-reachable-without-preauthorize,src/main/java/su/atb/msa/forex/fxmsaggregator/controller/DepositControllerImpl.java,38,warning,CWE-862,A01,"Web endpoint without explicit authorization annotation (Spring MVC, JAX-RS, or HTTP servlet handler)",static_registry,new,,,,7.2;8.2;6.2.4,SOX-ITGC-ACCESS-01,CC6.1;CC6.3;CC7.2,GOST-R-57580.1-2017-8.4;ISMG-FSTEC-UZP-9,CWE-862,none,,,"Web endpoint without explicit authorization annotation (Spring MVC, JAX-RS, or HTTP servlet handler)"
5615d833d749293008f6a1dc72798f032251b88779d207094dc7533ffe806b93,spring-reachable-without-preauthorize,src/main/java/su/atb/msa/forex/fxmsaggregator/controller/DepositControllerImpl.java,46,warning,CWE-862,A01,"Web endpoint without explicit authorization annotation (Spring MVC, JAX-RS, or HTTP servlet handler)",static_registry,new,,,,7.2;8.2;6.2.4,SOX-ITGC-ACCESS-01,CC6.1;CC6.3;CC7.2,GOST-R-57580.1-2017-8.4;ISMG-FSTEC-UZP-9,CWE-862,none,,,"Web endpoint without explicit authorization annotation (Spring MVC, JAX-RS, or HTTP servlet handler)"
5f1fb293c68ef9871d78c3f3e999dd9b5e00ba96169d79b7d2014f5f7c5a47b9,spring-reachable-without-preauthorize,src/main/java/su/atb/msa/forex/fxmsaggregator/controller/DepositControllerImpl.java,57,warning,CWE-862,A01,"Web endpoint without explicit authorization annotation (Spring MVC, JAX-RS, or HTTP servlet handler)",static_registry,new,,,,7.2;8.2;6.2.4,SOX-ITGC-ACCESS-01,CC6.1;CC6.3;CC7.2,GOST-R-57580.1-2017-8.4;ISMG-FSTEC-UZP-9,CWE-862,none,,,"Web endpoint without explicit authorization annotation (Spring MVC, JAX-RS, or HTTP servlet handler)"
48b5214400ca29ae585443ea7207b82def7570e4b7ba329a5f1eabdde4706c0e,spring-reachable-without-preauthorize,src/main/java/su/atb/msa/forex/fxmsaggregator/controller/DepositControllerImpl.java,64,warning,CWE-862,A01,"Web endpoint without explicit authorization annotation (Spring MVC, JAX-RS, or HTTP servlet handler)",static_registry,new,,,,7.2;8.2;6.2.4,SOX-ITGC-ACCESS-01,CC6.1;CC6.3;CC7.2,GOST-R-57580.1-2017-8.4;ISMG-FSTEC-UZP-9,CWE-862,none,,,"Web endpoint without explicit authorization annotation (Spring MVC, JAX-RS, or HTTP servlet handler)"
918c53b6c106dc55a17cf04cf277fb5bca018c08862a9b93442952cdf2561a46,spring-reachable-without-preauthorize,src/main/java/su/atb/msa/forex/fxmsaggregator/controller/DepositControllerImpl.java,71,warning,CWE-862,A01,"Web endpoint without explicit authorization annotation (Spring MVC, JAX-RS, or HTTP servlet handler)",static_registry,new,,,,7.2;8.2;6.2.4,SOX-ITGC-ACCESS-01,CC6.1;CC6.3;CC7.2,GOST-R-57580.1-2017-8.4;ISMG-FSTEC-UZP-9,CWE-862,none,,,"Web endpoint without explicit authorization annotation (Spring MVC, JAX-RS, or HTTP servlet handler)"
dd6c38f36412c75e1d71db9c83e0766be503c0788bf51c042b9e04a96bb9ef9c,spring-reachable-without-preauthorize,src/main/java/su/atb/msa/forex/fxmsaggregator/controller/DepositControllerImpl.java,78,warning,CWE-862,A01,"Web endpoint without explicit authorization annotation (Spring MVC, JAX-RS, or HTTP servlet handler)",static_registry,new,,,,7.2;8.2;6.2.4,SOX-ITGC-ACCESS-01,CC6.1;CC6.3;CC7.2,GOST-R-57580.1-2017-8.4;ISMG-FSTEC-UZP-9,CWE-862,none,,,"Web endpoint without explicit authorization annotation (Spring MVC, JAX-RS, or HTTP servlet handler)"
8874c16e00e6453a4c54688b2f4aabcb72b02ce9d35cbf4a2d13c701839e15da,spring-reachable-without-preauthorize,src/main/java/su/atb/msa/forex/fxmsaggregator/controller/DepositOvernightController.java,35,warning,CWE-862,A01,"Web endpoint without explicit authorization annotation (Spring MVC, JAX-RS, or HTTP servlet handler)",static_registry,new,,,,7.2;8.2;6.2.4,SOX-ITGC-ACCESS-01,CC6.1;CC6.3;CC7.2,GOST-R-57580.1-2017-8.4;ISMG-FSTEC-UZP-9,CWE-862,none,,,"Web endpoint without explicit authorization annotation (Spring MVC, JAX-RS, or HTTP servlet handler)"
301bd0207b2f319bab017380d8bf1d994fbb94505ba914abbdd3efb92c0a5a47,spring-reachable-without-preauthorize,src/main/java/su/atb/msa/forex/fxmsaggregator/controller/DepositOvernightController.java,98,warning,CWE-862,A01,"Web endpoint without explicit authorization annotation (Spring MVC, JAX-RS, or HTTP servlet handler)",static_registry,new,,,,7.2;8.2;6.2.4,SOX-ITGC-ACCESS-01,CC6.1;CC6.3;CC7.2,GOST-R-57580.1-2017-8.4;ISMG-FSTEC-UZP-9,CWE-862,none,,,"Web endpoint without explicit authorization annotation (Spring MVC, JAX-RS, or HTTP servlet handler)"
ac4ba60d11b1cf9d9ee943b3290c3540904d95ad8285b4aa570e5213055cce23,spring-reachable-without-preauthorize,src/main/java/su/atb/msa/forex/fxmsaggregator/controller/DepositOvernightController.java,140,warning,CWE-862,A01,"Web endpoint without explicit authorization annotation (Spring MVC, JAX-RS, or HTTP servlet handler)",static_registry,new,,,,7.2;8.2;6.2.4,SOX-ITGC-ACCESS-01,CC6.1;CC6.3;CC7.2,GOST-R-57580.1-2017-8.4;ISMG-FSTEC-UZP-9,CWE-862,none,,,"Web endpoint without explicit authorization annotation (Spring MVC, JAX-RS, or HTTP servlet handler)"
758ed41f606df5b05c6991b52534518ad2f0bd27103d07a6b965c951a7b2f2b7,spring-reachable-without-preauthorize,src/main/java/su/atb/msa/forex/fxmsaggregator/controller/DepositOvernightController.java,196,warning,CWE-862,A01,"Web endpoint without explicit authorization annotation (Spring MVC, JAX-RS, or HTTP servlet handler)",static_registry,new,,,,7.2;8.2;6.2.4,SOX-ITGC-ACCESS-01,CC6.1;CC6.3;CC7.2,GOST-R-57580.1-2017-8.4;ISMG-FSTEC-UZP-9,CWE-862,none,,,"Web endpoint without explicit authorization annotation (Spring MVC, JAX-RS, or HTTP servlet handler)"
b58a02dcba434aecc6c9b30e4f3ef7c85edeb04520bdef5c12193f67dbb02ffe,spring-reachable-without-preauthorize,src/main/java/su/atb/msa/forex/fxmsaggregator/controller/DepositOvernightController.java,255,warning,CWE-862,A01,"Web endpoint without explicit authorization annotation (Spring MVC, JAX-RS, or HTTP servlet handler)",static_registry,new,,,,7.2;8.2;6.2.4,SOX-ITGC-ACCESS-01,CC6.1;CC6.3;CC7.2,GOST-R-57580.1-2017-8.4;ISMG-FSTEC-UZP-9,CWE-862,none,,,"Web endpoint without explicit authorization annotation (Spring MVC, JAX-RS, or HTTP servlet handler)"
534238d2aa0f62f9a30d86378680def057fd13c07c5ab87396834cbb2a1b7143,spring-reachable-without-preauthorize,src/main/java/su/atb/msa/forex/fxmsaggregator/controller/DepositOvernightController.java,306,warning,CWE-862,A01,"Web endpoint without explicit authorization annotation (Spring MVC, JAX-RS, or HTTP servlet handler)",static_registry,new,,,,7.2;8.2;6.2.4,SOX-ITGC-ACCESS-01,CC6.1;CC6.3;CC7.2,GOST-R-57580.1-2017-8.4;ISMG-FSTEC-UZP-9,CWE-862,none,,,"Web endpoint without explicit authorization annotation (Spring MVC, JAX-RS, or HTTP servlet handler)"
0f54df7b673bbc02e5e0485899ce638725b8a8aefdd77174525fc347385e41b0,spring-reachable-without-preauthorize,src/main/java/su/atb/msa/forex/fxmsaggregator/controller/DocumentController.java,31,warning,CWE-862,A01,"Web endpoint without explicit authorization annotation (Spring MVC, JAX-RS, or HTTP servlet handler)",static_registry,new,,,,7.2;8.2;6.2.4,SOX-ITGC-ACCESS-01,CC6.1;CC6.3;CC7.2,GOST-R-57580.1-2017-8.4;ISMG-FSTEC-UZP-9,CWE-862,none,,,"Web endpoint without explicit authorization annotation (Spring MVC, JAX-RS, or HTTP servlet handler)"
36b35266168391cdd6ac3708717e74cce3e07d4abd5f1a5c6ef2df8cc9abbd18,spring-reachable-without-preauthorize,src/main/java/su/atb/msa/forex/fxmsaggregator/controller/DocumentController.java,74,warning,CWE-862,A01,"Web endpoint without explicit authorization annotation (Spring MVC, JAX-RS, or HTTP servlet handler)",static_registry,new,,,,7.2;8.2;6.2.4,SOX-ITGC-ACCESS-01,CC6.1;CC6.3;CC7.2,GOST-R-57580.1-2017-8.4;ISMG-FSTEC-UZP-9,CWE-862,none,,,"Web endpoint without explicit authorization annotation (Spring MVC, JAX-RS, or HTTP servlet handler)"
083805cd4a4dc75df4c904a9e08d389d7a9c68186924754463ad824a1c165639,spring-reachable-without-preauthorize,src/main/java/su/atb/msa/forex/fxmsaggregator/controller/FrontController.java,51,warning,CWE-862,A01,"Web endpoint without explicit authorization annotation (Spring MVC, JAX-RS, or HTTP servlet handler)",static_registry,new,,,,7.2;8.2;6.2.4,SOX-ITGC-ACCESS-01,CC6.1;CC6.3;CC7.2,GOST-R-57580.1-2017-8.4;ISMG-FSTEC-UZP-9,CWE-862,none,,,"Web endpoint without explicit authorization annotation (Spring MVC, JAX-RS, or HTTP servlet handler)"
c8acfa3eba63d77a5f15cd83be9e64bf22bb421d5e45a8510dd6acca3c6dd380,spring-reachable-without-preauthorize,src/main/java/su/atb/msa/forex/fxmsaggregator/controller/FrontController.java,93,warning,CWE-862,A01,"Web endpoint without explicit authorization annotation (Spring MVC, JAX-RS, or HTTP servlet handler)",static_registry,new,,,,7.2;8.2;6.2.4,SOX-ITGC-ACCESS-01,CC6.1;CC6.3;CC7.2,GOST-R-57580.1-2017-8.4;ISMG-FSTEC-UZP-9,CWE-862,none,,,"Web endpoint without explicit authorization annotation (Spring MVC, JAX-RS, or HTTP servlet handler)"
5bfabed53dbbb2d1fe7cfdbfe9cb4e557e6bdc0cfc3789847299280ae950d27e,spring-reachable-without-preauthorize,src/main/java/su/atb/msa/forex/fxmsaggregator/controller/FrontController.java,144,warning,CWE-862,A01,"Web endpoint without explicit authorization annotation (Spring MVC, JAX-RS, or HTTP servlet handler)",static_registry,new,,,,7.2;8.2;6.2.4,SOX-ITGC-ACCESS-01,CC6.1;CC6.3;CC7.2,GOST-R-57580.1-2017-8.4;ISMG-FSTEC-UZP-9,CWE-862,none,,,"Web endpoint without explicit authorization annotation (Spring MVC, JAX-RS, or HTTP servlet handler)"
52b8c451a9324923d4568f8cc498da80a3ca6bb241d99983d2be7a92aedc3add,spring-reachable-without-preauthorize,src/main/java/su/atb/msa/forex/fxmsaggregator/controller/FrontController.java,195,warning,CWE-862,A01,"Web endpoint without explicit authorization annotation (Spring MVC, JAX-RS, or HTTP servlet handler)",static_registry,new,,,,7.2;8.2;6.2.4,SOX-ITGC-ACCESS-01,CC6.1;CC6.3;CC7.2,GOST-R-57580.1-2017-8.4;ISMG-FSTEC-UZP-9,CWE-862,none,,,"Web endpoint without explicit authorization annotation (Spring MVC, JAX-RS, or HTTP servlet handler)"
9c18a59f0882976b72f29975b9aea6ef1b53eca110420db6143b79be70710208,spring-reachable-without-preauthorize,src/main/java/su/atb/msa/forex/fxmsaggregator/controller/FrontController.java,250,warning,CWE-862,A01,"Web endpoint without explicit authorization annotation (Spring MVC, JAX-RS, or HTTP servlet handler)",static_registry,new,,,,7.2;8.2;6.2.4,SOX-ITGC-ACCESS-01,CC6.1;CC6.3;CC7.2,GOST-R-57580.1-2017-8.4;ISMG-FSTEC-UZP-9,CWE-862,none,,,"Web endpoint without explicit authorization annotation (Spring MVC, JAX-RS, or HTTP servlet handler)"
e47e9d7f1726fa45c7e17c767bf539d16a2d5bacb8d468e23faf27fef0387fd9,spring-reachable-without-preauthorize,src/main/java/su/atb/msa/forex/fxmsaggregator/controller/FrontController.java,299,warning,CWE-862,A01,"Web endpoint without explicit authorization annotation (Spring MVC, JAX-RS, or HTTP servlet handler)",static_registry,new,,,,7.2;8.2;6.2.4,SOX-ITGC-ACCESS-01,CC6.1;CC6.3;CC7.2,GOST-R-57580.1-2017-8.4;ISMG-FSTEC-UZP-9,CWE-862,none,,,"Web endpoint without explicit authorization annotation (Spring MVC, JAX-RS, or HTTP servlet handler)"
9014da600450637fb644ffc76b8540d958d1e0543a4394b418a91e296c3c2c69,spring-reachable-without-preauthorize,src/main/java/su/atb/msa/forex/fxmsaggregator/controller/FrontController.java,350,warning,CWE-862,A01,"Web endpoint without explicit authorization annotation (Spring MVC, JAX-RS, or HTTP servlet handler)",static_registry,new,,,,7.2;8.2;6.2.4,SOX-ITGC-ACCESS-01,CC6.1;CC6.3;CC7.2,GOST-R-57580.1-2017-8.4;ISMG-FSTEC-UZP-9,CWE-862,none,,,"Web endpoint without explicit authorization annotation (Spring MVC, JAX-RS, or HTTP servlet handler)"
2c834c1143d133033546eb9cc3e35335831a1431d1e602cdbbd5b41b10902397,spring-reachable-without-preauthorize,src/main/java/su/atb/msa/forex/fxmsaggregator/controller/FrontController.java,407,warning,CWE-862,A01,"Web endpoint without explicit authorization annotation (Spring MVC, JAX-RS, or HTTP servlet handler)",static_registry,new,,,,7.2;8.2;6.2.4,SOX-ITGC-ACCESS-01,CC6.1;CC6.3;CC7.2,GOST-R-57580.1-2017-8.4;ISMG-FSTEC-UZP-9,CWE-862,none,,,"Web endpoint without explicit authorization annotation (Spring MVC, JAX-RS, or HTTP servlet handler)"
8c7927e26362625cde12f3a6bc468a025796b868f178f538c2feea16e8b148f3,spring-reachable-without-preauthorize,src/main/java/su/atb/msa/forex/fxmsaggregator/controller/FrontController.java,457,warning,CWE-862,A01,"Web endpoint without explicit authorization annotation (Spring MVC, JAX-RS, or HTTP servlet handler)",static_registry,new,,,,7.2;8.2;6.2.4,SOX-ITGC-ACCESS-01,CC6.1;CC6.3;CC7.2,GOST-R-57580.1-2017-8.4;ISMG-FSTEC-UZP-9,CWE-862,none,,,"Web endpoint without explicit authorization annotation (Spring MVC, JAX-RS, or HTTP servlet handler)"
a1bd47b65c15de92876f5480b76bcdc3ef4a089bbee1ef98dcb9a00230b580e6,spring-reachable-without-preauthorize,src/main/java/su/atb/msa/forex/fxmsaggregator/controller/FrontController.java,506,warning,CWE-862,A01,"Web endpoint without explicit authorization annotation (Spring MVC, JAX-RS, or HTTP servlet handler)",static_registry,new,,,,7.2;8.2;6.2.4,SOX-ITGC-ACCESS-01,CC6.1;CC6.3;CC7.2,GOST-R-57580.1-2017-8.4;ISMG-FSTEC-UZP-9,CWE-862,none,,,"Web endpoint without explicit authorization annotation (Spring MVC, JAX-RS, or HTTP servlet handler)"
9919f859fc4ebbbff832299794552214b6f1aa19951fe99a6230b0b7094c334e,spring-reachable-without-preauthorize,src/main/java/su/atb/msa/forex/fxmsaggregator/controller/FrontController.java,570,warning,CWE-862,A01,"Web endpoint without explicit authorization annotation (Spring MVC, JAX-RS, or HTTP servlet handler)",static_registry,new,,,,7.2;8.2;6.2.4,SOX-ITGC-ACCESS-01,CC6.1;CC6.3;CC7.2,GOST-R-57580.1-2017-8.4;ISMG-FSTEC-UZP-9,CWE-862,none,,,"Web endpoint without explicit authorization annotation (Spring MVC, JAX-RS, or HTTP servlet handler)"
92a410bbe44530fbe0faa95f9dd7688b33aac911d08c515039bd3008c3c5cf48,spring-reachable-without-preauthorize,src/main/java/su/atb/msa/forex/fxmsaggregator/controller/FrontController.java,627,warning,CWE-862,A01,"Web endpoint without explicit authorization annotation (Spring MVC, JAX-RS, or HTTP servlet handler)",static_registry,new,,,,7.2;8.2;6.2.4,SOX-ITGC-ACCESS-01,CC6.1;CC6.3;CC7.2,GOST-R-57580.1-2017-8.4;ISMG-FSTEC-UZP-9,CWE-862,none,,,"Web endpoint without explicit authorization annotation (Spring MVC, JAX-RS, or HTTP servlet handler)"
9cbe620426649d03403bf26ab27278d8bee62b4a7d6a11f77d191f730486eddb,spring-reachable-without-preauthorize,src/main/java/su/atb/msa/forex/fxmsaggregator/controller/FrontController.java,680,warning,CWE-862,A01,"Web endpoint without explicit authorization annotation (Spring MVC, JAX-RS, or HTTP servlet handler)",static_registry,new,,,,7.2;8.2;6.2.4,SOX-ITGC-ACCESS-01,CC6.1;CC6.3;CC7.2,GOST-R-57580.1-2017-8.4;ISMG-FSTEC-UZP-9,CWE-862,none,,,"Web endpoint without explicit authorization annotation (Spring MVC, JAX-RS, or HTTP servlet handler)"
68b750fd8a4ecdc9f54c304b4e3f6c7355fed456e030f9d604777cc58006f5dd,spring-reachable-without-preauthorize,src/main/java/su/atb/msa/forex/fxmsaggregator/controller/FrontController.java,737,warning,CWE-862,A01,"Web endpoint without explicit authorization annotation (Spring MVC, JAX-RS, or HTTP servlet handler)",static_registry,new,,,,7.2;8.2;6.2.4,SOX-ITGC-ACCESS-01,CC6.1;CC6.3;CC7.2,GOST-R-57580.1-2017-8.4;ISMG-FSTEC-UZP-9,CWE-862,none,,,"Web endpoint without explicit authorization annotation (Spring MVC, JAX-RS, or HTTP servlet handler)"
e19c97c086937b1c1382ccdbf1898e442520604f33d86c83637cc22be5fbe390,spring-reachable-without-preauthorize,src/main/java/su/atb/msa/forex/fxmsaggregator/controller/MobilePubKeyController.java,26,warning,CWE-862,A01,"Web endpoint without explicit authorization annotation (Spring MVC, JAX-RS, or HTTP servlet handler)",static_registry,new,,,,7.2;8.2;6.2.4,SOX-ITGC-ACCESS-01,CC6.1;CC6.3;CC7.2,GOST-R-57580.1-2017-8.4;ISMG-FSTEC-UZP-9,CWE-862,none,,,"Web endpoint without explicit authorization annotation (Spring MVC, JAX-RS, or HTTP servlet handler)"
8d74fa6e91aeef3442d96947b9090dcb7e0f65d060301c46af292828c242665f,spring-reachable-without-preauthorize,src/main/java/su/atb/msa/forex/fxmsaggregator/controller/MobilePubKeyController.java,69,warning,CWE-862,A01,"Web endpoint without explicit authorization annotation (Spring MVC, JAX-RS, or HTTP servlet handler)",static_registry,new,,,,7.2;8.2;6.2.4,SOX-ITGC-ACCESS-01,CC6.1;CC6.3;CC7.2,GOST-R-57580.1-2017-8.4;ISMG-FSTEC-UZP-9,CWE-862,none,,,"Web endpoint without explicit authorization annotation (Spring MVC, JAX-RS, or HTTP servlet handler)"
5e947723d6ce70f4908aedcaa772f13e2e68e8da482e23980d4f19662f085db5,spring-reachable-without-preauthorize,src/main/java/su/atb/msa/forex/fxmsaggregator/controller/OtpController.java,24,warning,CWE-862,A01,"Web endpoint without explicit authorization annotation (Spring MVC, JAX-RS, or HTTP servlet handler)",static_registry,new,,,,7.2;8.2;6.2.4,SOX-ITGC-ACCESS-01,CC6.1;CC6.3;CC7.2,GOST-R-57580.1-2017-8.4;ISMG-FSTEC-UZP-9,CWE-862,none,,,"Web endpoint without explicit authorization annotation (Spring MVC, JAX-RS, or HTTP servlet handler)"
9bc46f5dce59a755391ded117d8ba67c1eb488524acc236500febe25ac5d0aa2,spring-reachable-without-preauthorize,src/main/java/su/atb/msa/forex/fxmsaggregator/controller/OtpController.java,49,warning,CWE-862,A01,"Web endpoint without explicit authorization annotation (Spring MVC, JAX-RS, or HTTP servlet handler)",static_registry,new,,,,7.2;8.2;6.2.4,SOX-ITGC-ACCESS-01,CC6.1;CC6.3;CC7.2,GOST-R-57580.1-2017-8.4;ISMG-FSTEC-UZP-9,CWE-862,none,,,"Web endpoint without explicit authorization annotation (Spring MVC, JAX-RS, or HTTP servlet handler)"
546921e3cc5cfb8fb17fee902f074a49b93eabad4cc923d87cf3bb2410a08ae0,spring-reachable-without-preauthorize,src/main/java/su/atb/msa/forex/fxmsaggregator/controller/PcServerController.java,17,warning,CWE-862,A01,"Web endpoint without explicit authorization annotation (Spring MVC, JAX-RS, or HTTP servlet handler)",static_registry,new,,,,7.2;8.2;6.2.4,SOX-ITGC-ACCESS-01,CC6.1;CC6.3;CC7.2,GOST-R-57580.1-2017-8.4;ISMG-FSTEC-UZP-9,CWE-862,none,,,"Web endpoint without explicit authorization annotation (Spring MVC, JAX-RS, or HTTP servlet handler)"
c09fdc53933de742f2020822e3178d3d9057cf016c2e8f8d90d63a47e55662ef,spring-reachable-without-preauthorize,src/main/java/su/atb/msa/forex/fxmsaggregator/controller/PhoneController.java,34,warning,CWE-862,A01,"Web endpoint without explicit authorization annotation (Spring MVC, JAX-RS, or HTTP servlet handler)",static_registry,new,,,,7.2;8.2;6.2.4,SOX-ITGC-ACCESS-01,CC6.1;CC6.3;CC7.2,GOST-R-57580.1-2017-8.4;ISMG-FSTEC-UZP-9,CWE-862,none,,,"Web endpoint without explicit authorization annotation (Spring MVC, JAX-RS, or HTTP servlet handler)"
8cd7d97f5597dce32ca4d8a02a0b61ce4cd8f943edb9a9c5a408ee787b338e5d,spring-reachable-without-preauthorize,src/main/java/su/atb/msa/forex/fxmsaggregator/controller/PhoneController.java,83,warning,CWE-862,A01,"Web endpoint without explicit authorization annotation (Spring MVC, JAX-RS, or HTTP servlet handler)",static_registry,new,,,,7.2;8.2;6.2.4,SOX-ITGC-ACCESS-01,CC6.1;CC6.3;CC7.2,GOST-R-57580.1-2017-8.4;ISMG-FSTEC-UZP-9,CWE-862,none,,,"Web endpoint without explicit authorization annotation (Spring MVC, JAX-RS, or HTTP servlet handler)"
97a62fd48711204f37cdff3f313f5ece2105ffacc1e2e5a33e0247adc6d24f72,spring-reachable-without-preauthorize,src/main/java/su/atb/msa/forex/fxmsaggregator/controller/PhoneController.java,126,warning,CWE-862,A01,"Web endpoint without explicit authorization annotation (Spring MVC, JAX-RS, or HTTP servlet handler)",static_registry,new,,,,7.2;8.2;6.2.4,SOX-ITGC-ACCESS-01,CC6.1;CC6.3;CC7.2,GOST-R-57580.1-2017-8.4;ISMG-FSTEC-UZP-9,CWE-862,none,,,"Web endpoint without explicit authorization annotation (Spring MVC, JAX-RS, or HTTP servlet handler)"
bf942d397f10466c8e20724032ac9cf02b99e69038bcd4b70eb299f434d4757c,spring-reachable-without-preauthorize,src/main/java/su/atb/msa/forex/fxmsaggregator/controller/PhoneController.java,171,warning,CWE-862,A01,"Web endpoint without explicit authorization annotation (Spring MVC, JAX-RS, or HTTP servlet handler)",static_registry,new,,,,7.2;8.2;6.2.4,SOX-ITGC-ACCESS-01,CC6.1;CC6.3;CC7.2,GOST-R-57580.1-2017-8.4;ISMG-FSTEC-UZP-9,CWE-862,none,,,"Web endpoint without explicit authorization annotation (Spring MVC, JAX-RS, or HTTP servlet handler)"
8ee335083cd53ba93287e20be8ca0685de01e58a39dc59ee45952a6f1f3dc7d0,spring-reachable-without-preauthorize,src/main/java/su/atb/msa/forex/fxmsaggregator/controller/PhoneController.java,216,warning,CWE-862,A01,"Web endpoint without explicit authorization annotation (Spring MVC, JAX-RS, or HTTP servlet handler)",static_registry,new,,,,7.2;8.2;6.2.4,SOX-ITGC-ACCESS-01,CC6.1;CC6.3;CC7.2,GOST-R-57580.1-2017-8.4;ISMG-FSTEC-UZP-9,CWE-862,none,,,"Web endpoint without explicit authorization annotation (Spring MVC, JAX-RS, or HTTP servlet handler)"
4e9e28dae84835624f4ddfb457351e7597b907067f3e161ca4e73af7d02dda02,spring-reachable-without-preauthorize,src/main/java/su/atb/msa/forex/fxmsaggregator/controller/PhoneController.java,261,warning,CWE-862,A01,"Web endpoint without explicit authorization annotation (Spring MVC, JAX-RS, or HTTP servlet handler)",static_registry,new,,,,7.2;8.2;6.2.4,SOX-ITGC-ACCESS-01,CC6.1;CC6.3;CC7.2,GOST-R-57580.1-2017-8.4;ISMG-FSTEC-UZP-9,CWE-862,none,,,"Web endpoint without explicit authorization annotation (Spring MVC, JAX-RS, or HTTP servlet handler)"
a8df43eb4471b016c1048f87d3d68b80f5b17263ad6c9407c744c3a1ac8f0702,spring-reachable-without-preauthorize,src/main/java/su/atb/msa/forex/fxmsaggregator/controller/PubKeyController.java,24,warning,CWE-862,A01,"Web endpoint without explicit authorization annotation (Spring MVC, JAX-RS, or HTTP servlet handler)",static_registry,new,,,,7.2;8.2;6.2.4,SOX-ITGC-ACCESS-01,CC6.1;CC6.3;CC7.2,GOST-R-57580.1-2017-8.4;ISMG-FSTEC-UZP-9,CWE-862,none,,,"Web endpoint without explicit authorization annotation (Spring MVC, JAX-RS, or HTTP servlet handler)"
fc218f2623dc92a299f183c7e9d269d02489634e73f78f5547fdbe881554663b,spring-reachable-without-preauthorize,src/main/java/su/atb/msa/forex/fxmsaggregator/controller/RfqController.java,28,warning,CWE-862,A01,"Web endpoint without explicit authorization annotation (Spring MVC, JAX-RS, or HTTP servlet handler)",static_registry,new,,,,7.2;8.2;6.2.4,SOX-ITGC-ACCESS-01,CC6.1;CC6.3;CC7.2,GOST-R-57580.1-2017-8.4;ISMG-FSTEC-UZP-9,CWE-862,none,,,"Web endpoint without explicit authorization annotation (Spring MVC, JAX-RS, or HTTP servlet handler)"
a5f6324c9e2674b9ad92538392351e673cf8bc18f7fa6fdec7d71c85176105a8,spring-reachable-without-preauthorize,src/main/java/su/atb/msa/forex/fxmsaggregator/controller/RfqController.java,84,warning,CWE-862,A01,"Web endpoint without explicit authorization annotation (Spring MVC, JAX-RS, or HTTP servlet handler)",static_registry,new,,,,7.2;8.2;6.2.4,SOX-ITGC-ACCESS-01,CC6.1;CC6.3;CC7.2,GOST-R-57580.1-2017-8.4;ISMG-FSTEC-UZP-9,CWE-862,none,,,"Web endpoint without explicit authorization annotation (Spring MVC, JAX-RS, or HTTP servlet handler)"
7aaf99c8c8721fed011e76d0d2adcfb133168a73d2b370cd5ec85062e9d315dd,spring-reachable-without-preauthorize,src/main/java/su/atb/msa/forex/fxmsaggregator/controller/SimpleBankController.java,25,warning,CWE-862,A01,"Web endpoint without explicit authorization annotation (Spring MVC, JAX-RS, or HTTP servlet handler)",static_registry,new,,,,7.2;8.2;6.2.4,SOX-ITGC-ACCESS-01,CC6.1;CC6.3;CC7.2,GOST-R-57580.1-2017-8.4;ISMG-FSTEC-UZP-9,CWE-862,none,,,"Web endpoint without explicit authorization annotation (Spring MVC, JAX-RS, or HTTP servlet handler)"
1c784185d5e608c6b62016a423579146f46ab6d252de24589e15bc7d4e5d2034,spring-reachable-without-preauthorize,src/main/java/su/atb/msa/forex/fxmsaggregator/controller/SimpleBankController.java,33,warning,CWE-862,A01,"Web endpoint without explicit authorization annotation (Spring MVC, JAX-RS, or HTTP servlet handler)",static_registry,new,,,,7.2;8.2;6.2.4,SOX-ITGC-ACCESS-01,CC6.1;CC6.3;CC7.2,GOST-R-57580.1-2017-8.4;ISMG-FSTEC-UZP-9,CWE-862,none,,,"Web endpoint without explicit authorization annotation (Spring MVC, JAX-RS, or HTTP servlet handler)"
4286a89c4f21adbe85882c652944f865ab0def89dac3cb8ac44a8867518e2691,spring-reachable-without-preauthorize,src/main/java/su/atb/msa/forex/fxmsaggregator/controller/SimpleBankController.java,41,warning,CWE-862,A01,"Web endpoint without explicit authorization annotation (Spring MVC, JAX-RS, or HTTP servlet handler)",static_registry,new,,,,7.2;8.2;6.2.4,SOX-ITGC-ACCESS-01,CC6.1;CC6.3;CC7.2,GOST-R-57580.1-2017-8.4;ISMG-FSTEC-UZP-9,CWE-862,none,,,"Web endpoint without explicit authorization annotation (Spring MVC, JAX-RS, or HTTP servlet handler)"
ac95de6a3a1a64224b2f8a2a8ee085ac18a25c44193ec890f73abd151922ade3,spring-reachable-without-preauthorize,src/main/java/su/atb/msa/forex/fxmsaggregator/controller/SimpleDepositOvernightController.java,24,warning,CWE-862,A01,"Web endpoint without explicit authorization annotation (Spring MVC, JAX-RS, or HTTP servlet handler)",static_registry,new,,,,7.2;8.2;6.2.4,SOX-ITGC-ACCESS-01,CC6.1;CC6.3;CC7.2,GOST-R-57580.1-2017-8.4;ISMG-FSTEC-UZP-9,CWE-862,none,,,"Web endpoint without explicit authorization annotation (Spring MVC, JAX-RS, or HTTP servlet handler)"
e185dd21d4cd62062c468efa65c1646248cd89a5c6c2f2c152b97e272cd5cc70,spring-reachable-without-preauthorize,src/main/java/su/atb/msa/forex/fxmsaggregator/controller/SimpleDepositOvernightController.java,33,warning,CWE-862,A01,"Web endpoint without explicit authorization annotation (Spring MVC, JAX-RS, or HTTP servlet handler)",static_registry,new,,,,7.2;8.2;6.2.4,SOX-ITGC-ACCESS-01,CC6.1;CC6.3;CC7.2,GOST-R-57580.1-2017-8.4;ISMG-FSTEC-UZP-9,CWE-862,none,,,"Web endpoint without explicit authorization annotation (Spring MVC, JAX-RS, or HTTP servlet handler)"
a4a25100dfa68ec7289fb5a7478343decf881db103ff713904ca0841bea9a1b8,spring-reachable-without-preauthorize,src/main/java/su/atb/msa/forex/fxmsaggregator/controller/SimpleDepositOvernightController.java,41,warning,CWE-862,A01,"Web endpoint without explicit authorization annotation (Spring MVC, JAX-RS, or HTTP servlet handler)",static_registry,new,,,,7.2;8.2;6.2.4,SOX-ITGC-ACCESS-01,CC6.1;CC6.3;CC7.2,GOST-R-57580.1-2017-8.4;ISMG-FSTEC-UZP-9,CWE-862,none,,,"Web endpoint without explicit authorization annotation (Spring MVC, JAX-RS, or HTTP servlet handler)"
e6bcc12be8bdebdbc1a6d8e2f9dd096a46a0bf8a59f8da55c0d03ccc3b4d98cd,spring-reachable-without-preauthorize,src/main/java/su/atb/msa/forex/fxmsaggregator/controller/SimpleDepositOvernightController.java,51,warning,CWE-862,A01,"Web endpoint without explicit authorization annotation (Spring MVC, JAX-RS, or HTTP servlet handler)",static_registry,new,,,,7.2;8.2;6.2.4,SOX-ITGC-ACCESS-01,CC6.1;CC6.3;CC7.2,GOST-R-57580.1-2017-8.4;ISMG-FSTEC-UZP-9,CWE-862,none,,,"Web endpoint without explicit authorization annotation (Spring MVC, JAX-RS, or HTTP servlet handler)"
de59379c835af35c6bdc590259029a953aa3535187170ed79731620dd9840923,spring-reachable-without-preauthorize,src/main/java/su/atb/msa/forex/fxmsaggregator/controller/SimpleDepositOvernightController.java,60,warning,CWE-862,A01,"Web endpoint without explicit authorization annotation (Spring MVC, JAX-RS, or HTTP servlet handler)",static_registry,new,,,,7.2;8.2;6.2.4,SOX-ITGC-ACCESS-01,CC6.1;CC6.3;CC7.2,GOST-R-57580.1-2017-8.4;ISMG-FSTEC-UZP-9,CWE-862,none,,,"Web endpoint without explicit authorization annotation (Spring MVC, JAX-RS, or HTTP servlet handler)"
6d1851e250269e2faa09f7a445ba13b904fb45449d83b7546df58830f09425fc,spring-reachable-without-preauthorize,src/main/java/su/atb/msa/forex/fxmsaggregator/controller/SimpleDepositOvernightController.java,69,warning,CWE-862,A01,"Web endpoint without explicit authorization annotation (Spring MVC, JAX-RS, or HTTP servlet handler)",static_registry,new,,,,7.2;8.2;6.2.4,SOX-ITGC-ACCESS-01,CC6.1;CC6.3;CC7.2,GOST-R-57580.1-2017-8.4;ISMG-FSTEC-UZP-9,CWE-862,none,,,"Web endpoint without explicit authorization annotation (Spring MVC, JAX-RS, or HTTP servlet handler)"
d8cf2695b85f9be19f7068bb670999deb4920cc96916aabc9fd16c4dba78dc4c,spring-reachable-without-preauthorize,src/main/java/su/atb/msa/forex/fxmsaggregator/controller/SimpleDocumentController.java,25,warning,CWE-862,A01,"Web endpoint without explicit authorization annotation (Spring MVC, JAX-RS, or HTTP servlet handler)",static_registry,new,,,,7.2;8.2;6.2.4,SOX-ITGC-ACCESS-01,CC6.1;CC6.3;CC7.2,GOST-R-57580.1-2017-8.4;ISMG-FSTEC-UZP-9,CWE-862,none,,,"Web endpoint without explicit authorization annotation (Spring MVC, JAX-RS, or HTTP servlet handler)"
57c6ba41ec2124a865cb1093eb5308aa1bc63f796c2413d999a8bfb6b921beac,spring-reachable-without-preauthorize,src/main/java/su/atb/msa/forex/fxmsaggregator/controller/SimpleDocumentController.java,37,warning,CWE-862,A01,"Web endpoint without explicit authorization annotation (Spring MVC, JAX-RS, or HTTP servlet handler)",static_registry,new,,,,7.2;8.2;6.2.4,SOX-ITGC-ACCESS-01,CC6.1;CC6.3;CC7.2,GOST-R-57580.1-2017-8.4;ISMG-FSTEC-UZP-9,CWE-862,none,,,"Web endpoint without explicit authorization annotation (Spring MVC, JAX-RS, or HTTP servlet handler)"
e01bc929461e2a192e7688243a3f286172d0a3d5a0e225dcaa25fcb0c0993bbc,spring-reachable-without-preauthorize,src/main/java/su/atb/msa/forex/fxmsaggregator/controller/SimpleFrontController.java,37,warning,CWE-862,A01,"Web endpoint without explicit authorization annotation (Spring MVC, JAX-RS, or HTTP servlet handler)",static_registry,new,,,,7.2;8.2;6.2.4,SOX-ITGC-ACCESS-01,CC6.1;CC6.3;CC7.2,GOST-R-57580.1-2017-8.4;ISMG-FSTEC-UZP-9,CWE-862,none,,,"Web endpoint without explicit authorization annotation (Spring MVC, JAX-RS, or HTTP servlet handler)"
3310612a22533b5b489f8b424f46414fa6558c3e7258f192cc7c138ad7be0d0f,spring-reachable-without-preauthorize,src/main/java/su/atb/msa/forex/fxmsaggregator/controller/SimpleFrontController.java,45,warning,CWE-862,A01,"Web endpoint without explicit authorization annotation (Spring MVC, JAX-RS, or HTTP servlet handler)",static_registry,new,,,,7.2;8.2;6.2.4,SOX-ITGC-ACCESS-01,CC6.1;CC6.3;CC7.2,GOST-R-57580.1-2017-8.4;ISMG-FSTEC-UZP-9,CWE-862,none,,,"Web endpoint without explicit authorization annotation (Spring MVC, JAX-RS, or HTTP servlet handler)"
3778102f1d634fa48a1eba639c7a6cdf089c38b6d78ede2386c85d697501d22f,spring-reachable-without-preauthorize,src/main/java/su/atb/msa/forex/fxmsaggregator/controller/SimpleFrontController.java,53,warning,CWE-862,A01,"Web endpoint without explicit authorization annotation (Spring MVC, JAX-RS, or HTTP servlet handler)",static_registry,new,,,,7.2;8.2;6.2.4,SOX-ITGC-ACCESS-01,CC6.1;CC6.3;CC7.2,GOST-R-57580.1-2017-8.4;ISMG-FSTEC-UZP-9,CWE-862,none,,,"Web endpoint without explicit authorization annotation (Spring MVC, JAX-RS, or HTTP servlet handler)"
0d5d65e79bf4405f1b2d21ba2e2028c585c9050bec0430d04b7498f7a0f11adf,spring-reachable-without-preauthorize,src/main/java/su/atb/msa/forex/fxmsaggregator/controller/SimpleFrontController.java,61,warning,CWE-862,A01,"Web endpoint without explicit authorization annotation (Spring MVC, JAX-RS, or HTTP servlet handler)",static_registry,new,,,,7.2;8.2;6.2.4,SOX-ITGC-ACCESS-01,CC6.1;CC6.3;CC7.2,GOST-R-57580.1-2017-8.4;ISMG-FSTEC-UZP-9,CWE-862,none,,,"Web endpoint without explicit authorization annotation (Spring MVC, JAX-RS, or HTTP servlet handler)"
39951143081cc0803e99428aa4ac5d8808b602e4157d55669d441daadd083f30,spring-reachable-without-preauthorize,src/main/java/su/atb/msa/forex/fxmsaggregator/controller/SimpleFrontController.java,72,warning,CWE-862,A01,"Web endpoint without explicit authorization annotation (Spring MVC, JAX-RS, or HTTP servlet handler)",static_registry,new,,,,7.2;8.2;6.2.4,SOX-ITGC-ACCESS-01,CC6.1;CC6.3;CC7.2,GOST-R-57580.1-2017-8.4;ISMG-FSTEC-UZP-9,CWE-862,none,,,"Web endpoint without explicit authorization annotation (Spring MVC, JAX-RS, or HTTP servlet handler)"
c453c08a8ed13cfef5420d0cc99cd7f073d2aad8fd05fd5bc3662a32fbd9a8ce,spring-reachable-without-preauthorize,src/main/java/su/atb/msa/forex/fxmsaggregator/controller/SimpleFrontController.java,78,warning,CWE-862,A01,"Web endpoint without explicit authorization annotation (Spring MVC, JAX-RS, or HTTP servlet handler)",static_registry,new,,,,7.2;8.2;6.2.4,SOX-ITGC-ACCESS-01,CC6.1;CC6.3;CC7.2,GOST-R-57580.1-2017-8.4;ISMG-FSTEC-UZP-9,CWE-862,none,,,"Web endpoint without explicit authorization annotation (Spring MVC, JAX-RS, or HTTP servlet handler)"
2f6911d4a2cd1481fd77e5ebcf034caae1fb61cdaad8aa3ba3808f4898518782,spring-reachable-without-preauthorize,src/main/java/su/atb/msa/forex/fxmsaggregator/controller/SimpleFrontController.java,85,warning,CWE-862,A01,"Web endpoint without explicit authorization annotation (Spring MVC, JAX-RS, or HTTP servlet handler)",static_registry,new,,,,7.2;8.2;6.2.4,SOX-ITGC-ACCESS-01,CC6.1;CC6.3;CC7.2,GOST-R-57580.1-2017-8.4;ISMG-FSTEC-UZP-9,CWE-862,none,,,"Web endpoint without explicit authorization annotation (Spring MVC, JAX-RS, or HTTP servlet handler)"
39bcb76ddfa0a8d3c4cfdd92361b3ef05129f73915e0303e8b6040f93c04e8c7,spring-reachable-without-preauthorize,src/main/java/su/atb/msa/forex/fxmsaggregator/controller/SimpleFrontController.java,94,warning,CWE-862,A01,"Web endpoint without explicit authorization annotation (Spring MVC, JAX-RS, or HTTP servlet handler)",static_registry,new,,,,7.2;8.2;6.2.4,SOX-ITGC-ACCESS-01,CC6.1;CC6.3;CC7.2,GOST-R-57580.1-2017-8.4;ISMG-FSTEC-UZP-9,CWE-862,none,,,"Web endpoint without explicit authorization annotation (Spring MVC, JAX-RS, or HTTP servlet handler)"
e934cb3212b95f0a347cd0bc3cfbf6bf9b1b4ed3dc2bc212dba316257dbb7ae1,spring-reachable-without-preauthorize,src/main/java/su/atb/msa/forex/fxmsaggregator/controller/SimpleFrontController.java,103,warning,CWE-862,A01,"Web endpoint without explicit authorization annotation (Spring MVC, JAX-RS, or HTTP servlet handler)",static_registry,new,,,,7.2;8.2;6.2.4,SOX-ITGC-ACCESS-01,CC6.1;CC6.3;CC7.2,GOST-R-57580.1-2017-8.4;ISMG-FSTEC-UZP-9,CWE-862,none,,,"Web endpoint without explicit authorization annotation (Spring MVC, JAX-RS, or HTTP servlet handler)"
2063880cc61a2cd60c8854832b1ab539ba926157428e9dff1a1e382fe3ce8097,spring-reachable-without-preauthorize,src/main/java/su/atb/msa/forex/fxmsaggregator/controller/SimpleFrontController.java,109,warning,CWE-862,A01,"Web endpoint without explicit authorization annotation (Spring MVC, JAX-RS, or HTTP servlet handler)",static_registry,new,,,,7.2;8.2;6.2.4,SOX-ITGC-ACCESS-01,CC6.1;CC6.3;CC7.2,GOST-R-57580.1-2017-8.4;ISMG-FSTEC-UZP-9,CWE-862,none,,,"Web endpoint without explicit authorization annotation (Spring MVC, JAX-RS, or HTTP servlet handler)"
0f632c9cafe8ea169506caeb53b7fb6fc78fc40ff136c64ff9219a76c3dd52b5,spring-reachable-without-preauthorize,src/main/java/su/atb/msa/forex/fxmsaggregator/controller/SimpleFrontController.java,116,warning,CWE-862,A01,"Web endpoint without explicit authorization annotation (Spring MVC, JAX-RS, or HTTP servlet handler)",static_registry,new,,,,7.2;8.2;6.2.4,SOX-ITGC-ACCESS-01,CC6.1;CC6.3;CC7.2,GOST-R-57580.1-2017-8.4;ISMG-FSTEC-UZP-9,CWE-862,none,,,"Web endpoint without explicit authorization annotation (Spring MVC, JAX-RS, or HTTP servlet handler)"
e59a1472497d293e9774fa276e0dc5e70ae0da820a546afcb79381822787a561,spring-reachable-without-preauthorize,src/main/java/su/atb/msa/forex/fxmsaggregator/controller/SimpleFrontController.java,122,warning,CWE-862,A01,"Web endpoint without explicit authorization annotation (Spring MVC, JAX-RS, or HTTP servlet handler)",static_registry,new,,,,7.2;8.2;6.2.4,SOX-ITGC-ACCESS-01,CC6.1;CC6.3;CC7.2,GOST-R-57580.1-2017-8.4;ISMG-FSTEC-UZP-9,CWE-862,none,,,"Web endpoint without explicit authorization annotation (Spring MVC, JAX-RS, or HTTP servlet handler)"
5b0cde2951740b65f0282669319a17c03a2a368be8a6f6443266c8c426b7121e,spring-reachable-without-preauthorize,src/main/java/su/atb/msa/forex/fxmsaggregator/controller/SimpleFrontController.java,129,warning,CWE-862,A01,"Web endpoint without explicit authorization annotation (Spring MVC, JAX-RS, or HTTP servlet handler)",static_registry,new,,,,7.2;8.2;6.2.4,SOX-ITGC-ACCESS-01,CC6.1;CC6.3;CC7.2,GOST-R-57580.1-2017-8.4;ISMG-FSTEC-UZP-9,CWE-862,none,,,"Web endpoint without explicit authorization annotation (Spring MVC, JAX-RS, or HTTP servlet handler)"
60d43120ebd67e4f3b5faaaa76667b6ed6f056b546a7dfc2bae256e04c9c64db,spring-reachable-without-preauthorize,src/main/java/su/atb/msa/forex/fxmsaggregator/controller/SimpleFrontController.java,135,warning,CWE-862,A01,"Web endpoint without explicit authorization annotation (Spring MVC, JAX-RS, or HTTP servlet handler)",static_registry,new,,,,7.2;8.2;6.2.4,SOX-ITGC-ACCESS-01,CC6.1;CC6.3;CC7.2,GOST-R-57580.1-2017-8.4;ISMG-FSTEC-UZP-9,CWE-862,none,,,"Web endpoint without explicit authorization annotation (Spring MVC, JAX-RS, or HTTP servlet handler)"
87e21b79162c6b09487a8b2c4e985b13b90974daf3e8459fbb65e5dae8922333,spring-reachable-without-preauthorize,src/main/java/su/atb/msa/forex/fxmsaggregator/controller/SimpleMobilePubKeyController.java,18,warning,CWE-862,A01,"Web endpoint without explicit authorization annotation (Spring MVC, JAX-RS, or HTTP servlet handler)",static_registry,new,,,,7.2;8.2;6.2.4,SOX-ITGC-ACCESS-01,CC6.1;CC6.3;CC7.2,GOST-R-57580.1-2017-8.4;ISMG-FSTEC-UZP-9,CWE-862,none,,,"Web endpoint without explicit authorization annotation (Spring MVC, JAX-RS, or HTTP servlet handler)"
d599ba284a37c5b74dc630a72fa3264087446fbb6d0f4ee1a70e92cf67724460,spring-reachable-without-preauthorize,src/main/java/su/atb/msa/forex/fxmsaggregator/controller/SimpleMobilePubKeyController.java,23,warning,CWE-862,A01,"Web endpoint without explicit authorization annotation (Spring MVC, JAX-RS, or HTTP servlet handler)",static_registry,new,,,,7.2;8.2;6.2.4,SOX-ITGC-ACCESS-01,CC6.1;CC6.3;CC7.2,GOST-R-57580.1-2017-8.4;ISMG-FSTEC-UZP-9,CWE-862,none,,,"Web endpoint without explicit authorization annotation (Spring MVC, JAX-RS, or HTTP servlet handler)"
4c4948bb86c0cda9987b0193344f667745c4fc7a0964644691f9bbbaf38b8166,spring-reachable-without-preauthorize,src/main/java/su/atb/msa/forex/fxmsaggregator/controller/SimpleOtpController.java,27,warning,CWE-862,A01,"Web endpoint without explicit authorization annotation (Spring MVC, JAX-RS, or HTTP servlet handler)",static_registry,new,,,,7.2;8.2;6.2.4,SOX-ITGC-ACCESS-01,CC6.1;CC6.3;CC7.2,GOST-R-57580.1-2017-8.4;ISMG-FSTEC-UZP-9,CWE-862,none,,,"Web endpoint without explicit authorization annotation (Spring MVC, JAX-RS, or HTTP servlet handler)"
dbb1eae04dcc1c95f5d83ed0f1d79fa7952315834e07361d79617cd7ec39b92b,spring-reachable-without-preauthorize,src/main/java/su/atb/msa/forex/fxmsaggregator/controller/SimpleOtpController.java,37,warning,CWE-862,A01,"Web endpoint without explicit authorization annotation (Spring MVC, JAX-RS, or HTTP servlet handler)",static_registry,new,,,,7.2;8.2;6.2.4,SOX-ITGC-ACCESS-01,CC6.1;CC6.3;CC7.2,GOST-R-57580.1-2017-8.4;ISMG-FSTEC-UZP-9,CWE-862,none,,,"Web endpoint without explicit authorization annotation (Spring MVC, JAX-RS, or HTTP servlet handler)"
9b48a3ffc70a3de2e3557ad5da7e603f613d40402eaf35b7fc3e8698e69c4b58,spring-reachable-without-preauthorize,src/main/java/su/atb/msa/forex/fxmsaggregator/controller/SimplePcServerController.java,19,warning,CWE-862,A01,"Web endpoint without explicit authorization annotation (Spring MVC, JAX-RS, or HTTP servlet handler)",static_registry,new,,,,7.2;8.2;6.2.4,SOX-ITGC-ACCESS-01,CC6.1;CC6.3;CC7.2,GOST-R-57580.1-2017-8.4;ISMG-FSTEC-UZP-9,CWE-862,none,,,"Web endpoint without explicit authorization annotation (Spring MVC, JAX-RS, or HTTP servlet handler)"
8182ae73840f6f1a60844deb8f1c5eb9f737ea315b541035c400e0f0046b4ec4,spring-reachable-without-preauthorize,src/main/java/su/atb/msa/forex/fxmsaggregator/controller/SimplePhoneController.java,21,warning,CWE-862,A01,"Web endpoint without explicit authorization annotation (Spring MVC, JAX-RS, or HTTP servlet handler)",static_registry,new,,,,7.2;8.2;6.2.4,SOX-ITGC-ACCESS-01,CC6.1;CC6.3;CC7.2,GOST-R-57580.1-2017-8.4;ISMG-FSTEC-UZP-9,CWE-862,none,,,"Web endpoint without explicit authorization annotation (Spring MVC, JAX-RS, or HTTP servlet handler)"
5bf9a8ab45d704c4713a07b1d5b39e8302e50a711f0c6ffabfef9df36f53dddb,spring-reachable-without-preauthorize,src/main/java/su/atb/msa/forex/fxmsaggregator/controller/SimplePhoneController.java,28,warning,CWE-862,A01,"Web endpoint without explicit authorization annotation (Spring MVC, JAX-RS, or HTTP servlet handler)",static_registry,new,,,,7.2;8.2;6.2.4,SOX-ITGC-ACCESS-01,CC6.1;CC6.3;CC7.2,GOST-R-57580.1-2017-8.4;ISMG-FSTEC-UZP-9,CWE-862,none,,,"Web endpoint without explicit authorization annotation (Spring MVC, JAX-RS, or HTTP servlet handler)"
f231c6e143231499712b76307fa02423bf270b040fb5e7d25890a42ab555f2f4,spring-reachable-without-preauthorize,src/main/java/su/atb/msa/forex/fxmsaggregator/controller/SimplePhoneController.java,34,warning,CWE-862,A01,"Web endpoint without explicit authorization annotation (Spring MVC, JAX-RS, or HTTP servlet handler)",static_registry,new,,,,7.2;8.2;6.2.4,SOX-ITGC-ACCESS-01,CC6.1;CC6.3;CC7.2,GOST-R-57580.1-2017-8.4;ISMG-FSTEC-UZP-9,CWE-862,none,,,"Web endpoint without explicit authorization annotation (Spring MVC, JAX-RS, or HTTP servlet handler)"
ba89d3fdbcaca05c4e594ae417e4e4a72943ddac3ce53894751fc0db7057af4d,spring-reachable-without-preauthorize,src/main/java/su/atb/msa/forex/fxmsaggregator/controller/SimplePhoneController.java,48,warning,CWE-862,A01,"Web endpoint without explicit authorization annotation (Spring MVC, JAX-RS, or HTTP servlet handler)",static_registry,new,,,,7.2;8.2;6.2.4,SOX-ITGC-ACCESS-01,CC6.1;CC6.3;CC7.2,GOST-R-57580.1-2017-8.4;ISMG-FSTEC-UZP-9,CWE-862,none,,,"Web endpoint without explicit authorization annotation (Spring MVC, JAX-RS, or HTTP servlet handler)"
03de5a9b5589a39de1e7296cf79819cf19545c6105484d8ff422298fc81d631e,spring-reachable-without-preauthorize,src/main/java/su/atb/msa/forex/fxmsaggregator/controller/SimplePhoneController.java,55,warning,CWE-862,A01,"Web endpoint without explicit authorization annotation (Spring MVC, JAX-RS, or HTTP servlet handler)",static_registry,new,,,,7.2;8.2;6.2.4,SOX-ITGC-ACCESS-01,CC6.1;CC6.3;CC7.2,GOST-R-57580.1-2017-8.4;ISMG-FSTEC-UZP-9,CWE-862,none,,,"Web endpoint without explicit authorization annotation (Spring MVC, JAX-RS, or HTTP servlet handler)"
7710e08967669c682e314c1ac65860b66a976ebaeb20542981371b70498233ee,spring-reachable-without-preauthorize,src/main/java/su/atb/msa/forex/fxmsaggregator/controller/SimplePhoneController.java,62,warning,CWE-862,A01,"Web endpoint without explicit authorization annotation (Spring MVC, JAX-RS, or HTTP servlet handler)",static_registry,new,,,,7.2;8.2;6.2.4,SOX-ITGC-ACCESS-01,CC6.1;CC6.3;CC7.2,GOST-R-57580.1-2017-8.4;ISMG-FSTEC-UZP-9,CWE-862,none,,,"Web endpoint without explicit authorization annotation (Spring MVC, JAX-RS, or HTTP servlet handler)"
ab9b8fca719c475e0e195eec6b214ac3b17279c68cdf142c886869fe566864e9,spring-reachable-without-preauthorize,src/main/java/su/atb/msa/forex/fxmsaggregator/controller/SimplePubKeyController.java,15,warning,CWE-862,A01,"Web endpoint without explicit authorization annotation (Spring MVC, JAX-RS, or HTTP servlet handler)",static_registry,new,,,,7.2;8.2;6.2.4,SOX-ITGC-ACCESS-01,CC6.1;CC6.3;CC7.2,GOST-R-57580.1-2017-8.4;ISMG-FSTEC-UZP-9,CWE-862,none,,,"Web endpoint without explicit authorization annotation (Spring MVC, JAX-RS, or HTTP servlet handler)"
efcd0ad5c8ba68539681a1c32f7558c41c1b292a63d112667d485ccb2b349245,spring-reachable-without-preauthorize,src/main/java/su/atb/msa/forex/fxmsaggregator/controller/SimpleRfqController.java,26,warning,CWE-862,A01,"Web endpoint without explicit authorization annotation (Spring MVC, JAX-RS, or HTTP servlet handler)",static_registry,new,,,,7.2;8.2;6.2.4,SOX-ITGC-ACCESS-01,CC6.1;CC6.3;CC7.2,GOST-R-57580.1-2017-8.4;ISMG-FSTEC-UZP-9,CWE-862,none,,,"Web endpoint without explicit authorization annotation (Spring MVC, JAX-RS, or HTTP servlet handler)"
b4fc524129b6f1e40a642e96df4c8986d9ecd03516670c2f71b40ab6cee921f2,spring-reachable-without-preauthorize,src/main/java/su/atb/msa/forex/fxmsaggregator/controller/SimpleRfqController.java,38,warning,CWE-862,A01,"Web endpoint without explicit authorization annotation (Spring MVC, JAX-RS, or HTTP servlet handler)",static_registry,new,,,,7.2;8.2;6.2.4,SOX-ITGC-ACCESS-01,CC6.1;CC6.3;CC7.2,GOST-R-57580.1-2017-8.4;ISMG-FSTEC-UZP-9,CWE-862,none,,,"Web endpoint without explicit authorization annotation (Spring MVC, JAX-RS, or HTTP servlet handler)"
b22d428b1cf0afc69c70f43fd083a808c692f62d12a40ff4d7b30cb8ef59440e,spring-reachable-without-preauthorize,src/main/java/su/atb/msa/forex/fxmsaggregator/controller/SimpleSystemInfoController.java,17,warning,CWE-862,A01,"Web endpoint without explicit authorization annotation (Spring MVC, JAX-RS, or HTTP servlet handler)",static_registry,new,,,,7.2;8.2;6.2.4,SOX-ITGC-ACCESS-01,CC6.1;CC6.3;CC7.2,GOST-R-57580.1-2017-8.4;ISMG-FSTEC-UZP-9,CWE-862,none,,,"Web endpoint without explicit authorization annotation (Spring MVC, JAX-RS, or HTTP servlet handler)"
820fd7d08af0c005316911b21a2d87e903cf217b11681bda2660e2c35b8e1d99,spring-reachable-without-preauthorize,src/main/java/su/atb/msa/forex/fxmsaggregator/controller/SupportController.java,22,warning,CWE-862,A01,"Web endpoint without explicit authorization annotation (Spring MVC, JAX-RS, or HTTP servlet handler)",static_registry,new,,,,7.2;8.2;6.2.4,SOX-ITGC-ACCESS-01,CC6.1;CC6.3;CC7.2,GOST-R-57580.1-2017-8.4;ISMG-FSTEC-UZP-9,CWE-862,none,,,"Web endpoint without explicit authorization annotation (Spring MVC, JAX-RS, or HTTP servlet handler)"
16ba437c722031970e9d74bd1eada952cdd543ef97d8056f0965881001078b4d,spring-reachable-without-preauthorize,src/main/java/su/atb/msa/forex/fxmsaggregator/controller/SystemInfoController.java,20,warning,CWE-862,A01,"Web endpoint without explicit authorization annotation (Spring MVC, JAX-RS, or HTTP servlet handler)",static_registry,new,,,,7.2;8.2;6.2.4,SOX-ITGC-ACCESS-01,CC6.1;CC6.3;CC7.2,GOST-R-57580.1-2017-8.4;ISMG-FSTEC-UZP-9,CWE-862,none,,,"Web endpoint without explicit authorization annotation (Spring MVC, JAX-RS, or HTTP servlet handler)"
44bd69b5746591917d1e854ac92db89b932bb2d3bce73cce6e78ba0a6dffb7a9,spring-reachable-without-preauthorize,src/main/java/su/atb/msa/forex/fxmsaggregator/controller/WebSocketController.java,32,warning,CWE-862,A01,"Web endpoint without explicit authorization annotation (Spring MVC, JAX-RS, or HTTP servlet handler)",static_registry,new,,,,7.2;8.2;6.2.4,SOX-ITGC-ACCESS-01,CC6.1;CC6.3;CC7.2,GOST-R-57580.1-2017-8.4;ISMG-FSTEC-UZP-9,CWE-862,none,,,"Web endpoint without explicit authorization annotation (Spring MVC, JAX-RS, or HTTP servlet handler)"
989b9bdf4f9b666babd3b58890f83976be420667bff9446aa2c00fda8253573b,spring-reachable-without-preauthorize,src/main/java/su/atb/msa/forex/fxmsaggregator/controller/WebSocketController.java,44,warning,CWE-862,A01,"Web endpoint without explicit authorization annotation (Spring MVC, JAX-RS, or HTTP servlet handler)",static_registry,new,,,,7.2;8.2;6.2.4,SOX-ITGC-ACCESS-01,CC6.1;CC6.3;CC7.2,GOST-R-57580.1-2017-8.4;ISMG-FSTEC-UZP-9,CWE-862,none,,,"Web endpoint without explicit authorization annotation (Spring MVC, JAX-RS, or HTTP servlet handler)"
80593f073bc3594244a7cf19c9e3a5a666079ce5813e9454e1334d9bd91d8a3d,spring-reachable-without-preauthorize,src/main/java/su/atb/msa/forex/fxmsaggregator/controller/WebSocketController.java,55,warning,CWE-862,A01,"Web endpoint without explicit authorization annotation (Spring MVC, JAX-RS, or HTTP servlet handler)",static_registry,new,,,,7.2;8.2;6.2.4,SOX-ITGC-ACCESS-01,CC6.1;CC6.3;CC7.2,GOST-R-57580.1-2017-8.4;ISMG-FSTEC-UZP-9,CWE-862,none,,,"Web endpoint without explicit authorization annotation (Spring MVC, JAX-RS, or HTTP servlet handler)"
a656e00856157fc0883d3fda2ad6dd31c0f3b5dd5b0d91f465aa523da6352f07,spring-reachable-without-preauthorize,src/main/java/su/atb/msa/forex/fxmsaggregator/controller/WebSocketController.java,68,warning,CWE-862,A01,"Web endpoint without explicit authorization annotation (Spring MVC, JAX-RS, or HTTP servlet handler)",static_registry,new,,,,7.2;8.2;6.2.4,SOX-ITGC-ACCESS-01,CC6.1;CC6.3;CC7.2,GOST-R-57580.1-2017-8.4;ISMG-FSTEC-UZP-9,CWE-862,none,,,"Web endpoint without explicit authorization annotation (Spring MVC, JAX-RS, or HTTP servlet handler)"
8ca359fd41f3dc8baf698f9cd9d015f123d31b9b4ad118463622c61327c5263a,spring-reachable-without-preauthorize,src/main/java/su/atb/msa/forex/fxmsaggregator/webclient/FxmsRfqRequestsClient.java,10,warning,CWE-862,A01,"Web endpoint without explicit authorization annotation (Spring MVC, JAX-RS, or HTTP servlet handler)",static_registry,new,,,,7.2;8.2;6.2.4,SOX-ITGC-ACCESS-01,CC6.1;CC6.3;CC7.2,GOST-R-57580.1-2017-8.4;ISMG-FSTEC-UZP-9,CWE-862,none,,,"Web endpoint without explicit authorization annotation (Spring MVC, JAX-RS, or HTTP servlet handler)"
06e4251dd6186c1d860d82bc52b0bc5e49ede81bb632273417532c521557fd4a,taint-sink:baseUrl,src/main/java/su/atb/msa/forex/fxmsaggregator/webclient/BaseWebClient.java,52,error,CWE-918,A10,SSRF (HTTP client baseUrl builder),taint_embedded,new,,,,6.5.1;6.5.3;6.2.4,SOX-ITGC-APP-02,CC6.1;CC6.6;CC7.2,GOST-R-57580.1-2017-8.4;ISMG-FSTEC-UZP-9,CWE-918,none,,,SSRF (HTTP client baseUrl builder)
4bfeed1e4cf540acbefd06d778ddebea44488d4f457bb43df11ccdd835eb5089,taint-sink:exchange,src/main/java/su/atb/msa/forex/fxmsaggregator/service/impl/SimpleAggregatorService.java,338,error,CWE-918,A10,SSRF (RestTemplate/WebClient.exchange),taint_embedded,new,,,,6.5.1;6.5.3;6.2.4,SOX-ITGC-APP-02,CC6.1;CC6.6;CC7.2,GOST-R-57580.1-2017-8.4;ISMG-FSTEC-UZP-9,CWE-918,none,,,SSRF (RestTemplate/WebClient.exchange)
1fb4bc1e0c90c0c5efe01fee5ca46feb35ff6fe638cd2717b4f26cf6d0b2c493,taint-sink:getContent,src/main/java/su/atb/msa/forex/fxmsaggregator/service/DepositService.java,134,error,CWE-918,A10,SSRF (URL.getContent),taint_embedded,new,,,,6.5.1;6.5.3;6.2.4,SOX-ITGC-APP-02,CC6.1;CC6.6;CC7.2,GOST-R-57580.1-2017-8.4;ISMG-FSTEC-UZP-9,CWE-918,none,,,SSRF (URL.getContent)
4b3dbd449adaafbd8ae45a084f3f4b379311d65b0752f563c497bf7b8c7a1806,taint-sink:readValue,src/main/java/su/atb/msa/forex/fxmsaggregator/listener/RabbitMqListener.java,50,error,CWE-502,A08,Unsafe deserialization (ObjectMapper.readValue),taint_embedded,new,,,,6.5.1;6.5.3;6.2.4,SOX-ITGC-APP-02,CC7.2;CC8.1,GOST-R-57580.1-2017-8.4;ISMG-FSTEC-UZP-9,CWE-502,none,,,Unsafe deserialization (ObjectMapper.readValue)
4aabad505411c7f19fae3fc745033d427665a96fc467c8ace12f40a8ca1553a3,taint-sink:readValue,src/main/java/su/atb/msa/forex/fxmsaggregator/service/util/JsonMapperService.java,18,error,CWE-502,A08,Unsafe deserialization (ObjectMapper.readValue),taint_embedded,new,,,,6.5.1;6.5.3;6.2.4,SOX-ITGC-APP-02,CC7.2;CC8.1,GOST-R-57580.1-2017-8.4;ISMG-FSTEC-UZP-9,CWE-502,none,,,Unsafe deserialization (ObjectMapper.readValue)
7b8426920a3dd5003081e0260a28174f58c1643b94c91c9f9cbbcef3c4b18a96,taint-sink:readValue,src/main/java/su/atb/msa/forex/fxmsaggregator/service/util/JsonMapperService.java,27,error,CWE-502,A08,Unsafe deserialization (ObjectMapper.readValue),taint_embedded,new,,,,6.5.1;6.5.3;6.2.4,SOX-ITGC-APP-02,CC7.2;CC8.1,GOST-R-57580.1-2017-8.4;ISMG-FSTEC-UZP-9,CWE-502,none,,,Unsafe deserialization (ObjectMapper.readValue)
9e556dc5df4bf95de69c678cc6ad957c8ecb1ce2779a13b875810923fc562135,taint-sink:write,src/main/java/su/atb/msa/forex/fxmsaggregator/config/filter/AddPhoneFilter.java,78,error,CWE-79,A03,Cross-site scripting (write to document/stream),taint_embedded,new,,,,6.5.1;6.5.3;6.2.4,SOX-ITGC-APP-02,CC6.1;CC6.6;CC7.2,GOST-R-57580.1-2017-8.4;ISMG-FSTEC-UZP-9,CWE-79,none,,,Arbitrary file write (Files.write): Cross-site scripting (write to document/stream).
